province,province_norm,point_id,lat,lon
Adana,ADANA,1,36.95458025827457,35.23218358803664
Adana,ADANA,2,37.79114866980545,35.99405093306146
Adana,ADANA,3,36.597782784521456,35.474711631115625
Adana,ADANA,4,37.475063331681326,35.13907820771431
Adana,ADANA,5,37.548089527438485,35.85109114107146
Adiyaman,ADIYAMAN,1,37.88167227556869,37.8259746247067
Adiyaman,ADIYAMAN,2,37.96924052707529,38.893545839928144
Adiyaman,ADIYAMAN,3,37.5327735627561,38.04447524658301
Adiyaman,ADIYAMAN,4,37.893302882563034,38.96954990017664
Adiyaman,ADIYAMAN,5,37.9946506143618,38.895933138575565
Afyon,AFYONKARAHISAR,1,38.607460962859236,30.447116120788085
Afyon,AFYONKARAHISAR,2,38.708501254528,31.36758047930129
Afyon,AFYONKARAHISAR,3,38.645931428676214,31.433526401766844
Afyon,AFYONKARAHISAR,4,38.208260406150096,30.139588287234734
Afyon,AFYONKARAHISAR,5,38.69423148547681,30.99731000051478
Agri,AGRI,1,39.743424588159094,42.64617940725925
Agri,AGRI,2,39.37192174014592,42.62776155931519
Agri,AGRI,3,39.69613293079204,43.56469908678365
Agri,AGRI,4,39.002879658232644,42.78404725494131
Agri,AGRI,5,39.25323235190311,42.9897558824588
Aksaray,AKSARAY,1,38.31264291335333,34.29070622519377
Aksaray,AKSARAY,2,38.400308513799175,34.00995085968606
Aksaray,AKSARAY,3,38.46876978345322,34.339225122332465
Aksaray,AKSARAY,4,38.23895075082145,33.51363116716007
Aksaray,AKSARAY,5,38.256400808523836,33.89040652194693
Amasya,AMASYA,1,40.42133644224951,35.59775058884288
Amasya,AMASYA,2,40.77062261872504,35.16646557981308
Amasya,AMASYA,3,40.59493247833627,36.1822396373194
Amasya,AMASYA,4,40.850450899718574,35.02034570876212
Amasya,AMASYA,5,40.69319072069422,36.01795916346554
Ankara,ANKARA,1,39.20490605225601,33.51349010330544
Ankara,ANKARA,2,39.03387190465139,32.37084288171406
Ankara,ANKARA,3,39.96294010349598,31.755344248004203
Ankara,ANKARA,4,39.76196632162333,33.16837544814481
Ankara,ANKARA,5,39.74374947067812,33.21744596006966
Antalya,ANTALYA,1,37.27461545604387,30.15082003088471
Antalya,ANTALYA,2,37.081615453986124,31.068671710222937
Antalya,ANTALYA,3,36.51519906097968,29.936934579484646
Antalya,ANTALYA,4,36.397343440331845,29.66869113635898
Antalya,ANTALYA,5,36.88980678228264,30.395240469226962
Ardahan,ARDAHAN,1,40.84485174496721,42.59093628057143
Ardahan,ARDAHAN,2,41.506657891785224,42.5895850488938
Ardahan,ARDAHAN,3,41.278289059300654,42.6000254116066
Ardahan,ARDAHAN,4,40.7599477742894,42.572644982769525
Ardahan,ARDAHAN,5,41.18369838816266,43.403553312462385
Artvin,ARTVIN,1,41.31863830416549,41.835451364650886
Artvin,ARTVIN,2,40.9774312828557,41.29472565496052
Artvin,ARTVIN,3,41.01214708711636,41.76480275224061
Artvin,ARTVIN,4,41.21127304708196,42.20444216070161
Artvin,ARTVIN,5,40.88889035931395,41.734643156124726
Aydin,AYDIN,1,37.69159778472858,27.360100852494895
Aydin,AYDIN,2,37.55696372385851,27.7904022000518
Aydin,AYDIN,3,37.50566673447929,27.908826981488957
Aydin,AYDIN,4,37.671326834777695,27.85193069932616
Aydin,AYDIN,5,37.90517984396747,28.039078943378755
Balikesir,BALIKESIR,1,39.53433989315558,26.95187267886388
Balikesir,BALIKESIR,2,40.267633403854965,27.88858680128373
Balikesir,BALIKESIR,3,40.43783909940562,27.793452569019713
Balikesir,BALIKESIR,4,39.35415930697525,26.77128639921651
Balikesir,BALIKESIR,5,40.14939618775814,28.01635162521004
Bartin,BARTIN,1,41.63913437483821,32.55438129638529
Bartin,BARTIN,2,41.61884069960251,32.4052259441195
Bartin,BARTIN,3,41.51206417706454,32.251607931005715
Bartin,BARTIN,4,41.457627085693986,32.62004505215613
Bartin,BARTIN,5,41.714424917008174,32.31754411843475
Batman,BATMAN,1,38.44278435132854,41.64244389225334
Batman,BATMAN,2,37.66756165521767,41.26587336743024
Batman,BATMAN,3,38.25397532790819,41.607743281701175
Batman,BATMAN,4,37.8197345122792,41.595488269643106
Batman,BATMAN,5,38.50688428275928,41.48228565214668
Bayburt,BAYBURT,1,39.9954776622686,39.80494555242552
Bayburt,BAYBURT,2,40.31417045744751,39.956322959395706
Bayburt,BAYBURT,3,40.05289213822013,40.44454780940989
Bayburt,BAYBURT,4,40.092215238863254,40.35312929727827
Bayburt,BAYBURT,5,40.50985718078682,40.19336487408344
Bilecik,BILECIK,1,39.89038101570662,30.11308000962294
Bilecik,BILECIK,2,40.12836619411418,30.414615238037825
Bilecik,BILECIK,3,40.15504573738502,30.503241441511253
Bilecik,BILECIK,4,39.761233298040196,29.851577787510184
Bilecik,BILECIK,5,40.42892054786778,30.003614550208304
Bingol,BINGOL,1,39.3884606697386,41.02365887350174
Bingol,BINGOL,2,38.57457367324834,40.256905006734215
Bingol,BINGOL,3,39.41362345091533,41.001205749400484
Bingol,BINGOL,4,39.13069051893102,40.476929116377306
Bingol,BINGOL,5,39.41070416997091,41.044208907188356
Bitlis,BITLIS,1,38.8824100460336,42.888664659169144
Bitlis,BITLIS,2,38.87669462501249,43.00794330759811
Bitlis,BITLIS,3,38.29854501354761,42.30544977846691
Bitlis,BITLIS,4,38.39725785402992,42.61447621981
Bitlis,BITLIS,5,38.433703243723464,41.705231679767614
Bolu,BOLU,1,40.4267575673755,32.040214032588935
Bolu,BOLU,2,40.627157912453804,31.782567710449857
Bolu,BOLU,3,40.69319769103231,31.317102121549212
Bolu,BOLU,4,40.82716958771449,31.042319450396473
Bolu,BOLU,5,40.837957200951884,31.639868298871548
Burdur,BURDUR,1,37.51559821075703,30.505492121516195
Burdur,BURDUR,2,37.68687110363089,29.858462076854433
Burdur,BURDUR,3,37.262400929894575,29.851461740408123
Burdur,BURDUR,4,37.27403891696694,29.57634967120658
Burdur,BURDUR,5,37.462384188843586,30.748646205870404
Bursa,BURSA,1,40.15916724600733,28.663287963841338
Bursa,BURSA,2,40.191862959579765,28.90498206862473
Bursa,BURSA,3,40.074540621971266,29.32640121565449
Bursa,BURSA,4,39.81817168718229,28.92798520935729
Bursa,BURSA,5,40.12602504632929,28.258107818477313
Canakkale,CANAKKALE,1,39.88660678865265,26.847304841843187
Canakkale,CANAKKALE,2,40.42020344741278,27.192748756368616
Canakkale,CANAKKALE,3,39.74479204875584,26.921530686117485
Canakkale,CANAKKALE,4,40.26450176248188,26.440369430485433
Canakkale,CANAKKALE,5,39.769606992560696,26.58924300693026
Cankiri,CANKIRI,1,40.890362729634305,33.76597030991251
Cankiri,CANKIRI,2,40.95358890367709,32.96532528319208
Cankiri,CANKIRI,3,40.91569709135323,33.296046101332614
Cankiri,CANKIRI,4,41.03572321259773,33.51782677857993
Cankiri,CANKIRI,5,40.763253369933345,33.99009812366955
Corum,CORUM,1,40.628529151143155,35.067015932206985
Corum,CORUM,2,40.68970391174125,35.247971773199914
Corum,CORUM,3,40.279901102163215,34.669319452079165
Corum,CORUM,4,40.817166612456674,34.29953140944837
Corum,CORUM,5,40.65198283113112,35.14268526996654
Denizli,DENIZLI,1,37.30596719978189,29.515461510091846
Denizli,DENIZLI,2,37.37976538384714,28.98588883682378
Denizli,DENIZLI,3,37.08312158456138,29.386293387197
Denizli,DENIZLI,4,37.99197889727617,28.925547641287842
Denizli,DENIZLI,5,37.744406431480584,29.18857570065212
Diyarbakir,DIYARBAKIR,1,37.75470287110121,40.04767588639338
Diyarbakir,DIYARBAKIR,2,38.3473014131967,40.43347417344808
Diyarbakir,DIYARBAKIR,3,38.43227233764122,41.05846333278757
Diyarbakir,DIYARBAKIR,4,37.51103901669474,39.966545656641316
Diyarbakir,DIYARBAKIR,5,38.4175759255033,39.900936233006334
Edirne,EDIRNE,1,41.93834408907717,26.853477135956524
Edirne,EDIRNE,2,40.638428768783555,26.4545901729225
Edirne,EDIRNE,3,40.829702363504325,26.424484138189555
Edirne,EDIRNE,4,40.777086012055264,26.484729510587506
Edirne,EDIRNE,5,41.13074751710326,26.765393802620455
Elazig,ELAZIG,1,38.47642795857243,40.2444467296573
Elazig,ELAZIG,2,38.887688607772326,38.60705300128116
Elazig,ELAZIG,3,38.49270335710978,39.47755927909915
Elazig,ELAZIG,4,38.83326363328286,38.689715403965764
Elazig,ELAZIG,5,38.40221720129609,39.843374066898804
Erzincan,ERZINCAN,1,39.73342065224667,39.04372694322488
Erzincan,ERZINCAN,2,39.68033540059123,39.994118057384995
Erzincan,ERZINCAN,3,39.83421302740492,38.51650783090117
Erzincan,ERZINCAN,4,39.651908659917304,40.39489571605265
Erzincan,ERZINCAN,5,39.88702826137154,40.3930945824567
Erzurum,ERZURUM,1,40.64394376712666,41.740378571087746
Erzurum,ERZURUM,2,39.93479175326351,41.90809861201239
Erzurum,ERZURUM,3,40.89059485658332,41.970035653868685
Erzurum,ERZURUM,4,40.60695849490828,40.885678266576434
Erzurum,ERZURUM,5,40.021375925763245,41.512587546578416
Eskisehir,ESKISEHIR,1,39.865491435145685,30.89146071439467
Eskisehir,ESKISEHIR,2,39.99447326281125,30.550600003119072
Eskisehir,ESKISEHIR,3,39.176840664189015,31.69714426777888
Eskisehir,ESKISEHIR,4,39.34484568731437,31.80092447437775
Eskisehir,ESKISEHIR,5,39.736501523216965,30.95086189300622
Gaziantep,GAZIANTEP,1,36.84856665884783,37.80214722207473
Gaziantep,GAZIANTEP,2,36.92748222674966,37.56684540590301
Gaziantep,GAZIANTEP,3,37.23639145506711,37.55023197683612
Gaziantep,GAZIANTEP,4,36.95250142904867,37.552082440211095
Gaziantep,GAZIANTEP,5,37.09211147214719,37.37889791122803
Giresun,GIRESUN,1,40.47573179050651,38.60517800445841
Giresun,GIRESUN,2,40.37661030843207,38.869427577059774
Giresun,GIRESUN,3,40.313948200438396,38.81648205516629
Giresun,GIRESUN,4,40.828090662939445,38.611251717975705
Giresun,GIRESUN,5,40.7887355207335,38.547755454966875
Gumushane,GUMUSHANE,1,40.03712739683382,39.04762846145129
Gumushane,GUMUSHANE,2,40.08542299466595,39.51104355625225
Gumushane,GUMUSHANE,3,39.9327523492928,39.73358351885589
Gumushane,GUMUSHANE,4,40.25678727307519,39.422810943786416
Gumushane,GUMUSHANE,5,40.11587236674088,39.55016537137628
Hakkari,HAKKARI,1,37.476590205828494,44.47526247182691
Hakkari,HAKKARI,2,37.15283086085625,44.51542224646153
Hakkari,HAKKARI,3,37.344066050040375,44.105891851042195
Hakkari,HAKKARI,4,37.692510862796354,43.983947423772534
Hakkari,HAKKARI,5,37.47940842237138,44.25624604358701
Hatay,HATAY,1,36.068504663542434,35.97942558092413
Hatay,HATAY,2,36.16472706839249,36.333484977688364
Hatay,HATAY,3,36.35993481800851,36.43362120855163
Hatay,HATAY,4,36.923447838023385,36.41931051601222
Hatay,HATAY,5,36.56504212030138,36.511436630444585
Icel,MERSIN,1,36.79055752074031,33.66912879756069
Icel,MERSIN,2,36.45486942880174,32.99161031497269
Icel,MERSIN,3,36.8254716489879,34.51550032735079
Icel,MERSIN,4,36.19524742743048,33.31228185819035
Icel,MERSIN,5,37.01038885763857,34.35794599462192
Igdir,IGDIR,1,39.777441847867124,44.316577279402885
Igdir,IGDIR,2,40.04767588038916,43.34240053128337
Igdir,IGDIR,3,39.98951648592537,44.00557316063954
Igdir,IGDIR,4,39.72857461445885,44.692331974994495
Igdir,IGDIR,5,39.98023137124757,44.18255846982708
Isparta,ISPARTA,1,37.70835933812078,30.577586331625493
Isparta,ISPARTA,2,38.343443703167914,31.07307955100213
Isparta,ISPARTA,3,38.144765851610956,30.549660713273962
Isparta,ISPARTA,4,37.970892368839436,31.293675207059085
Isparta,ISPARTA,5,37.68560293385321,30.741941816328
Istanbul,ISTANBUL,1,41.180264602633684,28.7873874621732
Istanbul,ISTANBUL,2,41.10767204911937,29.05358122247526
Istanbul,ISTANBUL,3,41.070807150119975,28.370856719372256
Istanbul,ISTANBUL,4,41.5087085035992,28.243630722998454
Istanbul,ISTANBUL,5,40.98307760578328,29.181041097005984
Izmir,IZMIR,1,38.00396312324092,27.47168254156775
Izmir,IZMIR,2,38.04145456001008,27.267994540971014
Izmir,IZMIR,3,39.15004520121499,26.846226413683244
Izmir,IZMIR,4,38.236608838700086,28.431745421224274
Izmir,IZMIR,5,38.45276830562389,27.46947002778375
K.maras,KAHRAMANMARAS,1,37.88424066539054,37.62585910873673
K.maras,KAHRAMANMARAS,2,38.2819804802219,36.60602166388257
K.maras,KAHRAMANMARAS,3,38.48559275084865,36.825107522241105
K.maras,KAHRAMANMARAS,4,38.325095382563376,36.97168904611778
K.maras,KAHRAMANMARAS,5,37.58824931178763,36.616433876632506
Karabuk,KARABUK,1,40.93098062722141,32.61877220645221
Karabuk,KARABUK,2,41.082900400964185,32.670045868798695
Karabuk,KARABUK,3,41.23619428709864,32.68401859806098
Karabuk,KARABUK,4,41.064853102622294,32.58284128353919
Karabuk,KARABUK,5,40.996661534005725,32.70484669628989
Karaman,KARAMAN,1,37.25070263551575,33.78723870682375
Karaman,KARAMAN,2,37.39503858258736,33.63927096317989
Karaman,KARAMAN,3,37.45620256594221,33.50501564482649
Karaman,KARAMAN,4,37.23505543170673,33.04545979702137
Karaman,KARAMAN,5,37.43379367031338,33.61397142712854
Kars,KARS,1,40.86910437635194,43.5185157161781
Kars,KARS,2,40.272345185594325,42.77787897896948
Kars,KARS,3,40.759204943928296,43.30898769249515
Kars,KARS,4,40.40134547587676,43.35296963571894
Kars,KARS,5,40.412019866037234,43.55024960510859
Kastamonu,KASTAMONU,1,41.90947608800269,34.02984101572086
Kastamonu,KASTAMONU,2,41.78070805602453,32.81152014168294
Kastamonu,KASTAMONU,3,41.27502222540977,33.27661209672997
Kastamonu,KASTAMONU,4,41.776358208626874,33.789051389850194
Kastamonu,KASTAMONU,5,41.568936838421706,34.362314115197556
Kayseri,KAYSERI,1,38.462015261833194,35.18716099730193
Kayseri,KAYSERI,2,38.14134067117518,35.42006509334529
Kayseri,KAYSERI,3,38.79926359898656,36.77982985232277
Kayseri,KAYSERI,4,38.43175850748637,35.21837584580599
Kayseri,KAYSERI,5,38.65898166456694,35.6124821958984
Kilis,KILIS,1,36.795788559653985,37.27069969666981
Kilis,KILIS,2,36.96672050501569,36.943646774884996
Kilis,KILIS,3,36.77970383872808,36.90085068152147
Kilis,KILIS,4,36.71982109872008,37.13971497636223
Kilis,KILIS,5,36.85689562736479,37.21433266925714
Kirikkale,KIRIKKALE,1,39.932436710027986,33.491613441821016
Kirikkale,KIRIKKALE,2,40.102452805241114,33.870304681392064
Kirikkale,KIRIKKALE,3,40.25415522266336,33.696230620760026
Kirikkale,KIRIKKALE,4,39.72925418694829,33.797815797614334
Kirikkale,KIRIKKALE,5,39.984716326607334,33.82502439638471
Kirklareli,KIRKLARELI,1,41.86057262990483,27.799843059852716
Kirklareli,KIRKLARELI,2,41.9644995266105,27.77450683553199
Kirklareli,KIRKLARELI,3,41.495885870567356,27.75699932063395
Kirklareli,KIRKLARELI,4,41.735449560752585,27.476793847156166
Kirklareli,KIRKLARELI,5,41.884076141641806,27.278126954854148
Kirsehir,KIRSEHIR,1,39.77243500528879,34.106696751859054
Kirsehir,KIRSEHIR,2,39.714521742118855,34.09570184816172
Kirsehir,KIRSEHIR,3,39.05901610943972,34.48075706667132
Kirsehir,KIRSEHIR,4,39.28354746724457,34.47332532581489
Kirsehir,KIRSEHIR,5,39.547851243145,34.449934006754674
Kocaeli,KOCAELI,1,40.60936497587969,29.68600339166486
Kocaeli,KOCAELI,2,40.99205642128932,29.805805620099946
Kocaeli,KOCAELI,3,40.9314825951875,30.0303543615608
Kocaeli,KOCAELI,4,40.57371262818552,29.564882821319046
Kocaeli,KOCAELI,5,41.154394439090694,30.186739820185455
Konya,KONYA,1,37.78649392014599,32.20658069235637
Konya,KONYA,2,37.99815809306969,32.21355636856754
Konya,KONYA,3,37.90031660195115,31.672351900640916
Konya,KONYA,4,37.813679341822855,34.27188966014422
Konya,KONYA,5,37.010219375828854,32.56811296057824
Kutahya,KUTAHYA,1,39.2182975159576,29.524779161173427
Kutahya,KUTAHYA,2,39.257085382037275,29.313542568540278
Kutahya,KUTAHYA,3,39.84489901912507,29.622771071085218
Kutahya,KUTAHYA,4,39.20732536133038,29.292464404633662
Kutahya,KUTAHYA,5,38.903794822775914,28.99225061008091
Malatya,MALATYA,1,38.19961848259645,38.73212922010308
Malatya,MALATYA,2,38.60029788730263,37.482368187917686
Malatya,MALATYA,3,38.305702726981,38.88890154176167
Malatya,MALATYA,4,39.01963017692526,37.52327285979525
Malatya,MALATYA,5,38.113403979557475,37.718243498369816
Manisa,MANISA,1,38.500592644228945,27.59865123211582
Manisa,MANISA,2,38.77236196726038,28.581408018030707
Manisa,MANISA,3,38.70541227780113,28.5891080173991
Manisa,MANISA,4,38.755103774494906,28.65221792404344
Manisa,MANISA,5,38.7424776990021,27.34724444678171
Mardin,MARDIN,1,37.27801033149044,40.949599301568064
Mardin,MARDIN,2,37.22974475972733,40.8653566272128
Mardin,MARDIN,3,37.3055763920272,41.27619384987224
Mardin,MARDIN,4,37.40653677085366,40.07549881611927
Mardin,MARDIN,5,37.355263888009006,41.1710211434971
Mugla,MUGLA,1,36.87433679564231,28.583232343765644
Mugla,MUGLA,2,36.5756962874718,29.070470951130467
Mugla,MUGLA,3,36.874065902795735,28.09255705606053
Mugla,MUGLA,4,37.13882096119235,28.31746055407454
Mugla,MUGLA,5,37.009299851719646,28.726390924628014
Mus,MUS,1,38.60812895653827,41.65750177409782
Mus,MUS,2,39.3667962565293,42.35404255071993
Mus,MUS,3,39.46882499590516,42.305650831040325
Mus,MUS,4,38.841482912392,42.10586384027313
Mus,MUS,5,39.10790729736665,42.466880847926646
Nevsehir,NEVSEHIR,1,38.352690878128115,34.75813594360735
Nevsehir,NEVSEHIR,2,38.66322268979439,34.812203173518064
Nevsehir,NEVSEHIR,3,38.94586301099294,34.96283900231442
Nevsehir,NEVSEHIR,4,38.47968070821542,34.54014012008828
Nevsehir,NEVSEHIR,5,38.35752711874536,34.74955077645019
Nigde,NIGDE,1,37.69201398672164,34.596346948748
Nigde,NIGDE,2,38.103227195824374,34.533955899374476
Nigde,NIGDE,3,37.93688144320317,35.04379708067597
Nigde,NIGDE,4,37.991153190972575,34.26743939338756
Nigde,NIGDE,5,37.84838272789912,34.89979093215262
Ordu,ORDU,1,40.404758685712935,37.82036343147838
Ordu,ORDU,2,40.716703644463315,37.70584572778049
Ordu,ORDU,3,40.34752636799004,37.68884007641678
Ordu,ORDU,4,40.81099636785599,37.28163239824192
Ordu,ORDU,5,40.728107906869894,37.743568023262924
Osmaniye,OSMANIYE,1,37.24940271394606,36.46492609496885
Osmaniye,OSMANIYE,2,37.560220302176,36.14947012313868
Osmaniye,OSMANIYE,3,37.108121155089165,36.575605957264976
Osmaniye,OSMANIYE,4,37.335502080984014,36.36601869876384
Osmaniye,OSMANIYE,5,37.16237095064142,36.20768461324436
Rize,RIZE,1,40.79041505771783,40.706434994666694
Rize,RIZE,2,40.937575743503196,40.516658100341914
Rize,RIZE,3,40.93713510897404,40.4567441824306
Rize,RIZE,4,41.19343941939056,41.13593508479076
Rize,RIZE,5,40.677775251744734,40.492641526256264
Sakarya,SAKARYA,1,40.97606353293975,30.57463675986337
Sakarya,SAKARYA,2,40.742113235301076,30.75621721853238
Sakarya,SAKARYA,3,40.97576623922585,30.736613175684056
Sakarya,SAKARYA,4,41.1201966348738,30.411118965204025
Sakarya,SAKARYA,5,40.86623807721266,30.534253989042153
Samsun,SAMSUN,1,41.23256519993084,35.007140268460894
Samsun,SAMSUN,2,41.08020004855647,35.55280188846178
Samsun,SAMSUN,3,41.291796993256774,34.97895580334435
Samsun,SAMSUN,4,41.241392197238646,35.570454588271936
Samsun,SAMSUN,5,41.251212316211536,36.027998975063596
Sanliurfa,SANLIURFA,1,37.74442276752186,39.14678699136175
Sanliurfa,SANLIURFA,2,37.278085857667804,39.956494907474166
Sanliurfa,SANLIURFA,3,37.55359834266632,39.752477840629865
Sanliurfa,SANLIURFA,4,37.31338695975204,38.594932643060254
Sanliurfa,SANLIURFA,5,36.900234801440526,39.028807758395956
Siirt,SIIRT,1,37.86650607353277,41.75667737588443
Siirt,SIIRT,2,37.92492135402705,42.04716316933632
Siirt,SIIRT,3,37.846581398304465,41.80994655593129
Siirt,SIIRT,4,37.97656518967746,41.89401607748037
Siirt,SIIRT,5,37.76092574125737,42.40930045020413
Sinop,SINOP,1,41.79490808615698,35.124242892910324
Sinop,SINOP,2,41.728939482174276,34.63847090983642
Sinop,SINOP,3,41.73993212121623,34.71138673827369
Sinop,SINOP,4,41.48484965020603,35.39087512423133
Sinop,SINOP,5,41.91562965298208,34.692374203841794
Sirnak,SIRNAK,1,37.557978951077935,43.13969877612444
Sirnak,SIRNAK,2,37.605149653347986,43.17030673398377
Sirnak,SIRNAK,3,37.45923603963992,42.89177545842426
Sirnak,SIRNAK,4,37.388480284951264,42.81534453642809
Sirnak,SIRNAK,5,37.34670252287728,42.26389423239924
Sivas,SIVAS,1,39.198424562962316,35.95668616169393
Sivas,SIVAS,2,38.854828935276124,36.94840585407271
Sivas,SIVAS,3,40.05355578131994,38.278486940670376
Sivas,SIVAS,4,39.344303952462624,37.126735488407014
Sivas,SIVAS,5,39.096367126629694,37.1458263452086
Tekirdag,TEKIRDAG,1,41.02663964518977,27.908364381056632
Tekirdag,TEKIRDAG,2,40.84119210380196,27.378599161679844
Tekirdag,TEKIRDAG,3,41.08452314220672,27.2567372062358
Tekirdag,TEKIRDAG,4,41.37117792210951,28.149078973437522
Tekirdag,TEKIRDAG,5,41.197151420185335,27.05537978470265
Tokat,TOKAT,1,40.47737810466135,37.36170187022988
Tokat,TOKAT,2,40.21708496159382,37.31153451915344
Tokat,TOKAT,3,40.2052315030037,37.11907162642663
Tokat,TOKAT,4,40.3774899582498,35.93635134620157
Tokat,TOKAT,5,39.96749892058484,36.21515085065334
Trabzon,TRABZON,1,40.81511287551383,39.20085689808115
Trabzon,TRABZON,2,40.928285721154566,40.26221407040238
Trabzon,TRABZON,3,40.93380495253615,39.31777060152978
Trabzon,TRABZON,4,40.84240356624474,40.269323707317156
Trabzon,TRABZON,5,40.83013789992567,40.12207640891383
Tunceli,TUNCELI,1,39.00574131615302,38.91831334134511
Tunceli,TUNCELI,2,39.426985075600165,39.44406603207914
Tunceli,TUNCELI,3,38.85812731896537,39.50758465661677
Tunceli,TUNCELI,4,39.19502222895566,38.756908232332734
Tunceli,TUNCELI,5,38.88537666390021,39.14104249962653
Usak,USAK,1,38.67558596215502,29.320776248063073
Usak,USAK,2,38.534632520241665,29.08345352044705
Usak,USAK,3,38.299318824715485,29.616535446759027
Usak,USAK,4,38.5991645037718,29.442561114331962
Usak,USAK,5,38.572719916302816,29.271990680518453
Van,VAN,1,39.36920036282939,43.83377039879036
Van,VAN,2,38.300928178954344,44.11727564450355
Van,VAN,3,38.776861767488015,44.01418754180007
Van,VAN,4,38.95640238075175,44.08570941094245
Van,VAN,5,37.79643006670682,43.27148273090298
Yalova,YALOVA,1,40.66259332114331,29.156452197760395
Yalova,YALOVA,2,40.54795828118869,29.150857704330573
Yalova,YALOVA,3,40.53651356104177,29.219628281385138
Yalova,YALOVA,4,40.558933365757625,29.4796941438799
Yalova,YALOVA,5,40.56922749993962,28.88238237037156
Yozgat,YOZGAT,1,39.917895535681424,35.92692849212391
Yozgat,YOZGAT,2,39.59908004965923,36.10568530428953
Yozgat,YOZGAT,3,39.99252149769309,35.1413161702364
Yozgat,YOZGAT,4,40.019865064591166,35.31782439210479
Yozgat,YOZGAT,5,39.37330471988064,35.19691127016973
Zonguldak,ZONGULDAK,1,41.35681374170698,31.61599036891473
Zonguldak,ZONGULDAK,2,41.40682091111848,31.73933880964374
Zonguldak,ZONGULDAK,3,41.55775773733147,32.00052781905048
Zonguldak,ZONGULDAK,4,41.0309683477475,32.10560515830913
Zonguldak,ZONGULDAK,5,41.23070017993874,31.67768779942954
