province,province_norm,harvest_year,yield_kg_dekar
Adana,ADANA,2004,270.0
Adıyaman,ADIYAMAN,2004,135.0
Afyonkarahisar,AFYONKARAHISAR,2004,242.0
Aksaray,AKSARAY,2004,211.0
Amasya,AMASYA,2004,314.0
Ankara,ANKARA,2004,201.0
Antalya,ANTALYA,2004,274.0
Ardahan,ARDAHAN,2004,123.0
Artvin,ARTVIN,2004,153.0
Aydın,AYDIN,2004,379.0
Ağrı,AGRI,2004,108.0
Balıkesir,BALIKESIR,2004,277.0
Bartın,BARTIN,2004,161.0
Batman,BATMAN,2004,211.0
Bayburt,BAYBURT,2004,133.0
Bilecik,BILECIK,2004,258.0
Bingöl,BINGOL,2004,174.0
Bitlis,BITLIS,2004,111.0
Bolu,BOLU,2004,214.0
Burdur,BURDUR,2004,228.0
Bursa,BURSA,2004,262.0
Denizli,DENIZLI,2004,271.0
Diyarbakır,DIYARBAKIR,2004,235.0
Düzce,DUZCE,2004,244.0
Edirne,EDIRNE,2004,321.0
Elazığ,ELAZIG,2004,275.0
Erzincan,ERZINCAN,2004,193.0
Erzurum,ERZURUM,2004,105.0
Eskişehir,ESKISEHIR,2004,257.0
Gaziantep,GAZIANTEP,2004,296.0
Giresun,GIRESUN,2004,138.0
Gümüşhane,GUMUSHANE,2004,161.0
Hakkari,HAKKARI,2004,112.0
Hatay,HATAY,2004,302.0
Isparta,ISPARTA,2004,228.0
Iğdır,IGDIR,2004,225.0
Kahramanmaraş,KAHRAMANMARAS,2004,199.0
Karabük,KARABUK,2004,160.0
Karaman,KARAMAN,2004,229.0
Kars,KARS,2004,105.0
Kastamonu,KASTAMONU,2004,179.0
Kayseri,KAYSERI,2004,181.0
Kilis,KILIS,2004,169.0
Kocaeli,KOCAELI,2004,246.0
Konya,KONYA,2004,193.0
Kütahya,KUTAHYA,2004,223.0
Kırklareli,KIRKLARELI,2004,326.0
Kırıkkale,KIRIKKALE,2004,174.0
Kırşehir,KIRSEHIR,2004,243.0
Malatya,MALATYA,2004,162.0
Manisa,MANISA,2004,195.0
Mardin,MARDIN,2004,233.0
Mersin,MERSIN,2004,189.0
Muğla,MUGLA,2004,242.0
Muş,MUS,2004,120.0
Nevşehir,NEVSEHIR,2004,190.0
Niğde,NIGDE,2004,167.0
Ordu,ORDU,2004,117.0
Osmaniye,OSMANIYE,2004,287.0
Sakarya,SAKARYA,2004,299.0
Samsun,SAMSUN,2004,214.0
Siirt,SIIRT,2004,161.0
Sinop,SINOP,2004,157.0
Sivas,SIVAS,2004,150.0
Tekirdağ,TEKIRDAG,2004,428.0
Tokat,TOKAT,2004,230.0
Tunceli,TUNCELI,2004,113.0
Uşak,USAK,2004,245.0
Van,VAN,2004,94.0
Yalova,YALOVA,2004,244.0
Yozgat,YOZGAT,2004,210.0
Zonguldak,ZONGULDAK,2004,212.0
Çanakkale,CANAKKALE,2004,304.0
Çankırı,CANKIRI,2004,215.0
Çorum,CORUM,2004,247.0
İstanbul,ISTANBUL,2004,454.0
İzmir,IZMIR,2004,296.0
Şanlıurfa,SANLIURFA,2004,220.0
Şırnak,SIRNAK,2004,220.0
Adana,ADANA,2005,353.0
Adıyaman,ADIYAMAN,2005,225.0
Afyonkarahisar,AFYONKARAHISAR,2005,216.0
Aksaray,AKSARAY,2005,217.0
Amasya,AMASYA,2005,373.0
Ankara,ANKARA,2005,236.0
Antalya,ANTALYA,2005,254.0
Ardahan,ARDAHAN,2005,120.0
Artvin,ARTVIN,2005,211.0
Aydın,AYDIN,2005,411.0
Ağrı,AGRI,2005,110.0
Balıkesir,BALIKESIR,2005,304.0
Bartın,BARTIN,2005,173.0
Batman,BATMAN,2005,247.0
Bayburt,BAYBURT,2005,148.0
Bilecik,BILECIK,2005,273.0
Bingöl,BINGOL,2005,179.0
Bitlis,BITLIS,2005,131.0
Bolu,BOLU,2005,203.0
Burdur,BURDUR,2005,203.0
Bursa,BURSA,2005,278.0
Denizli,DENIZLI,2005,248.0
Diyarbakır,DIYARBAKIR,2005,235.0
Düzce,DUZCE,2005,247.0
Edirne,EDIRNE,2005,352.0
Elazığ,ELAZIG,2005,208.0
Erzincan,ERZINCAN,2005,197.0
Erzurum,ERZURUM,2005,109.0
Eskişehir,ESKISEHIR,2005,259.0
Gaziantep,GAZIANTEP,2005,316.0
Giresun,GIRESUN,2005,138.0
Gümüşhane,GUMUSHANE,2005,156.0
Hakkari,HAKKARI,2005,120.0
Hatay,HATAY,2005,377.0
Isparta,ISPARTA,2005,242.0
Iğdır,IGDIR,2005,220.0
Kahramanmaraş,KAHRAMANMARAS,2005,198.0
Karabük,KARABUK,2005,181.0
Karaman,KARAMAN,2005,164.0
Kars,KARS,2005,87.0
Kastamonu,KASTAMONU,2005,151.0
Kayseri,KAYSERI,2005,178.0
Kilis,KILIS,2005,264.0
Kocaeli,KOCAELI,2005,272.0
Konya,KONYA,2005,173.0
Kütahya,KUTAHYA,2005,215.0
Kırklareli,KIRKLARELI,2005,333.0
Kırıkkale,KIRIKKALE,2005,206.0
Kırşehir,KIRSEHIR,2005,241.0
Malatya,MALATYA,2005,147.0
Manisa,MANISA,2005,201.0
Mardin,MARDIN,2005,184.0
Mersin,MERSIN,2005,199.0
Muğla,MUGLA,2005,243.0
Muş,MUS,2005,127.0
Nevşehir,NEVSEHIR,2005,216.0
Niğde,NIGDE,2005,173.0
Ordu,ORDU,2005,110.0
Osmaniye,OSMANIYE,2005,347.0
Sakarya,SAKARYA,2005,296.0
Samsun,SAMSUN,2005,237.0
Siirt,SIIRT,2005,187.0
Sinop,SINOP,2005,158.0
Sivas,SIVAS,2005,167.0
Tekirdağ,TEKIRDAG,2005,405.0
Tokat,TOKAT,2005,220.0
Tunceli,TUNCELI,2005,94.0
Uşak,USAK,2005,269.0
Van,VAN,2005,89.0
Yalova,YALOVA,2005,278.0
Yozgat,YOZGAT,2005,251.0
Zonguldak,ZONGULDAK,2005,204.0
Çanakkale,CANAKKALE,2005,276.0
Çankırı,CANKIRI,2005,212.0
Çorum,CORUM,2005,252.0
İstanbul,ISTANBUL,2005,396.0
İzmir,IZMIR,2005,263.0
Şanlıurfa,SANLIURFA,2005,291.0
Şırnak,SIRNAK,2005,223.0
Adana,ADANA,2006,356.0
Adıyaman,ADIYAMAN,2006,235.0
Afyonkarahisar,AFYONKARAHISAR,2006,230.0
Aksaray,AKSARAY,2006,261.0
Amasya,AMASYA,2006,337.0
Ankara,ANKARA,2006,229.0
Antalya,ANTALYA,2006,251.0
Ardahan,ARDAHAN,2006,121.0
Artvin,ARTVIN,2006,210.0
Aydın,AYDIN,2006,397.0
Ağrı,AGRI,2006,118.0
Balıkesir,BALIKESIR,2006,296.0
Bartın,BARTIN,2006,195.0
Batman,BATMAN,2006,251.0
Bayburt,BAYBURT,2006,150.0
Bilecik,BILECIK,2006,217.0
Bingöl,BINGOL,2006,200.0
Bitlis,BITLIS,2006,138.0
Bolu,BOLU,2006,219.0
Burdur,BURDUR,2006,218.0
Bursa,BURSA,2006,280.0
Denizli,DENIZLI,2006,332.0
Diyarbakır,DIYARBAKIR,2006,286.0
Düzce,DUZCE,2006,266.0
Edirne,EDIRNE,2006,325.0
Elazığ,ELAZIG,2006,254.0
Erzincan,ERZINCAN,2006,221.0
Erzurum,ERZURUM,2006,116.0
Eskişehir,ESKISEHIR,2006,229.0
Gaziantep,GAZIANTEP,2006,336.0
Giresun,GIRESUN,2006,141.0
Gümüşhane,GUMUSHANE,2006,159.0
Hakkari,HAKKARI,2006,130.0
Hatay,HATAY,2006,379.0
Isparta,ISPARTA,2006,257.0
Iğdır,IGDIR,2006,235.0
Kahramanmaraş,KAHRAMANMARAS,2006,191.0
Karabük,KARABUK,2006,184.0
Karaman,KARAMAN,2006,213.0
Kars,KARS,2006,95.0
Kastamonu,KASTAMONU,2006,157.0
Kayseri,KAYSERI,2006,192.0
Kilis,KILIS,2006,219.0
Kocaeli,KOCAELI,2006,247.0
Konya,KONYA,2006,248.0
Kütahya,KUTAHYA,2006,231.0
Kırklareli,KIRKLARELI,2006,306.0
Kırıkkale,KIRIKKALE,2006,189.0
Kırşehir,KIRSEHIR,2006,225.0
Malatya,MALATYA,2006,156.0
Manisa,MANISA,2006,213.0
Mardin,MARDIN,2006,230.0
Mersin,MERSIN,2006,243.0
Muğla,MUGLA,2006,251.0
Muş,MUS,2006,122.0
Nevşehir,NEVSEHIR,2006,216.0
Niğde,NIGDE,2006,183.0
Ordu,ORDU,2006,134.0
Osmaniye,OSMANIYE,2006,340.0
Sakarya,SAKARYA,2006,235.0
Samsun,SAMSUN,2006,260.0
Siirt,SIIRT,2006,190.0
Sinop,SINOP,2006,166.0
Sivas,SIVAS,2006,163.0
Tekirdağ,TEKIRDAG,2006,340.0
Tokat,TOKAT,2006,236.0
Tunceli,TUNCELI,2006,95.0
Uşak,USAK,2006,228.0
Van,VAN,2006,124.0
Yalova,YALOVA,2006,248.0
Yozgat,YOZGAT,2006,201.0
Zonguldak,ZONGULDAK,2006,204.0
Çanakkale,CANAKKALE,2006,284.0
Çankırı,CANKIRI,2006,169.0
Çorum,CORUM,2006,206.0
İstanbul,ISTANBUL,2006,381.0
İzmir,IZMIR,2006,279.0
Şanlıurfa,SANLIURFA,2006,296.0
Şırnak,SIRNAK,2006,260.0
Adana,ADANA,2007,387.0
Adıyaman,ADIYAMAN,2007,236.0
Afyonkarahisar,AFYONKARAHISAR,2007,167.0
Aksaray,AKSARAY,2007,242.0
Amasya,AMASYA,2007,203.0
Ankara,ANKARA,2007,122.0
Antalya,ANTALYA,2007,232.0
Ardahan,ARDAHAN,2007,149.0
Artvin,ARTVIN,2007,240.0
Aydın,AYDIN,2007,319.0
Ağrı,AGRI,2007,142.0
Balıkesir,BALIKESIR,2007,256.0
Bartın,BARTIN,2007,198.0
Batman,BATMAN,2007,291.0
Bayburt,BAYBURT,2007,153.0
Bilecik,BILECIK,2007,200.0
Bingöl,BINGOL,2007,219.0
Bitlis,BITLIS,2007,140.0
Bolu,BOLU,2007,215.0
Burdur,BURDUR,2007,195.0
Bursa,BURSA,2007,293.0
Denizli,DENIZLI,2007,247.0
Diyarbakır,DIYARBAKIR,2007,294.0
Düzce,DUZCE,2007,269.0
Edirne,EDIRNE,2007,420.0
Elazığ,ELAZIG,2007,256.0
Erzincan,ERZINCAN,2007,226.0
Erzurum,ERZURUM,2007,136.0
Eskişehir,ESKISEHIR,2007,186.0
Gaziantep,GAZIANTEP,2007,365.0
Giresun,GIRESUN,2007,143.0
Gümüşhane,GUMUSHANE,2007,161.0
Hakkari,HAKKARI,2007,140.0
Hatay,HATAY,2007,413.0
Isparta,ISPARTA,2007,161.0
Iğdır,IGDIR,2007,225.0
Kahramanmaraş,KAHRAMANMARAS,2007,197.0
Karabük,KARABUK,2007,182.0
Karaman,KARAMAN,2007,215.0
Kars,KARS,2007,117.0
Kastamonu,KASTAMONU,2007,138.0
Kayseri,KAYSERI,2007,163.0
Kilis,KILIS,2007,234.0
Kocaeli,KOCAELI,2007,270.0
Konya,KONYA,2007,159.0
Kütahya,KUTAHYA,2007,194.0
Kırklareli,KIRKLARELI,2007,383.0
Kırıkkale,KIRIKKALE,2007,111.0
Kırşehir,KIRSEHIR,2007,149.0
Malatya,MALATYA,2007,135.0
Manisa,MANISA,2007,145.0
Mardin,MARDIN,2007,234.0
Mersin,MERSIN,2007,223.0
Muğla,MUGLA,2007,254.0
Muş,MUS,2007,127.0
Nevşehir,NEVSEHIR,2007,145.0
Niğde,NIGDE,2007,143.0
Ordu,ORDU,2007,127.0
Osmaniye,OSMANIYE,2007,397.0
Sakarya,SAKARYA,2007,307.0
Samsun,SAMSUN,2007,301.0
Siirt,SIIRT,2007,255.0
Sinop,SINOP,2007,148.0
Sivas,SIVAS,2007,128.0
Tekirdağ,TEKIRDAG,2007,436.0
Tokat,TOKAT,2007,183.0
Tunceli,TUNCELI,2007,149.0
Uşak,USAK,2007,228.0
Van,VAN,2007,161.0
Yalova,YALOVA,2007,286.0
Yozgat,YOZGAT,2007,176.0
Zonguldak,ZONGULDAK,2007,196.0
Çanakkale,CANAKKALE,2007,341.0
Çankırı,CANKIRI,2007,127.0
Çorum,CORUM,2007,157.0
İstanbul,ISTANBUL,2007,394.0
İzmir,IZMIR,2007,239.0
Şanlıurfa,SANLIURFA,2007,324.0
Şırnak,SIRNAK,2007,282.0
Adana,ADANA,2008,406.0
Adıyaman,ADIYAMAN,2008,170.0
Afyonkarahisar,AFYONKARAHISAR,2008,199.0
Aksaray,AKSARAY,2008,221.0
Amasya,AMASYA,2008,316.0
Ankara,ANKARA,2008,162.0
Antalya,ANTALYA,2008,276.0
Ardahan,ARDAHAN,2008,183.0
Artvin,ARTVIN,2008,236.0
Aydın,AYDIN,2008,445.0
Ağrı,AGRI,2008,125.0
Balıkesir,BALIKESIR,2008,311.0
Bartın,BARTIN,2008,205.0
Batman,BATMAN,2008,82.0
Bilecik,BILECIK,2008,248.0
Bingöl,BINGOL,2008,225.0
Bitlis,BITLIS,2008,109.0
Bolu,BOLU,2008,243.0
Burdur,BURDUR,2008,250.0
Bursa,BURSA,2008,308.0
Denizli,DENIZLI,2008,299.0
Diyarbakır,DIYARBAKIR,2008,173.0
Düzce,DUZCE,2008,271.0
Edirne,EDIRNE,2008,422.0
Elazığ,ELAZIG,2008,214.0
Erzincan,ERZINCAN,2008,219.0
Erzurum,ERZURUM,2008,133.0
Eskişehir,ESKISEHIR,2008,189.0
Gaziantep,GAZIANTEP,2008,238.0
Giresun,GIRESUN,2008,141.0
Gümüşhane,GUMUSHANE,2008,158.0
Hakkari,HAKKARI,2008,142.0
Hatay,HATAY,2008,465.0
Isparta,ISPARTA,2008,207.0
Iğdır,IGDIR,2008,237.0
Kahramanmaraş,KAHRAMANMARAS,2008,186.0
Karabük,KARABUK,2008,200.0
Karaman,KARAMAN,2008,195.0
Kars,KARS,2008,115.0
Kastamonu,KASTAMONU,2008,185.0
Kayseri,KAYSERI,2008,183.0
Kilis,KILIS,2008,57.0
Kocaeli,KOCAELI,2008,270.0
Konya,KONYA,2008,160.0
Kütahya,KUTAHYA,2008,220.0
Kırklareli,KIRKLARELI,2008,390.0
Kırıkkale,KIRIKKALE,2008,117.0
Kırşehir,KIRSEHIR,2008,150.0
Malatya,MALATYA,2008,96.0
Manisa,MANISA,2008,209.0
Mardin,MARDIN,2008,398.0
Mersin,MERSIN,2008,224.0
Muğla,MUGLA,2008,282.0
Muş,MUS,2008,112.0
Nevşehir,NEVSEHIR,2008,146.0
Niğde,NIGDE,2008,153.0
Ordu,ORDU,2008,121.0
Osmaniye,OSMANIYE,2008,409.0
Sakarya,SAKARYA,2008,365.0
Samsun,SAMSUN,2008,328.0
Siirt,SIIRT,2008,43.0
Sinop,SINOP,2008,197.0
Sivas,SIVAS,2008,171.0
Tekirdağ,TEKIRDAG,2008,465.0
Tokat,TOKAT,2008,290.0
Tunceli,TUNCELI,2008,132.0
Uşak,USAK,2008,280.0
Van,VAN,2008,153.0
Yalova,YALOVA,2008,287.0
Yozgat,YOZGAT,2008,177.0
Zonguldak,ZONGULDAK,2008,199.0
Çanakkale,CANAKKALE,2008,350.0
Çankırı,CANKIRI,2008,197.0
Çorum,CORUM,2008,215.0
İstanbul,ISTANBUL,2008,471.0
İzmir,IZMIR,2008,320.0
Şanlıurfa,SANLIURFA,2008,279.0
Şırnak,SIRNAK,2008,272.0
Adana,ADANA,2009,357.0
Adıyaman,ADIYAMAN,2009,255.0
Afyonkarahisar,AFYONKARAHISAR,2009,213.0
Aksaray,AKSARAY,2009,292.0
Amasya,AMASYA,2009,327.0
Ankara,ANKARA,2009,250.0
Antalya,ANTALYA,2009,258.0
Ardahan,ARDAHAN,2009,150.0
Artvin,ARTVIN,2009,179.0
Aydın,AYDIN,2009,351.0
Ağrı,AGRI,2009,183.0
Balıkesir,BALIKESIR,2009,255.0
Bartın,BARTIN,2009,182.0
Batman,BATMAN,2009,254.0
Bayburt,BAYBURT,2009,182.0
Bilecik,BILECIK,2009,229.0
Bingöl,BINGOL,2009,203.0
Bitlis,BITLIS,2009,132.0
Bolu,BOLU,2009,246.0
Burdur,BURDUR,2009,250.0
Bursa,BURSA,2009,294.0
Denizli,DENIZLI,2009,290.0
Diyarbakır,DIYARBAKIR,2009,266.0
Düzce,DUZCE,2009,266.0
Edirne,EDIRNE,2009,343.0
Elazığ,ELAZIG,2009,218.0
Erzincan,ERZINCAN,2009,208.0
Erzurum,ERZURUM,2009,134.0
Eskişehir,ESKISEHIR,2009,243.0
Gaziantep,GAZIANTEP,2009,327.0
Giresun,GIRESUN,2009,126.0
Gümüşhane,GUMUSHANE,2009,139.0
Hakkari,HAKKARI,2009,151.0
Hatay,HATAY,2009,410.0
Isparta,ISPARTA,2009,210.0
Iğdır,IGDIR,2009,239.0
Kahramanmaraş,KAHRAMANMARAS,2009,218.0
Karabük,KARABUK,2009,182.0
Karaman,KARAMAN,2009,212.0
Kars,KARS,2009,105.0
Kastamonu,KASTAMONU,2009,173.0
Kayseri,KAYSERI,2009,173.0
Kilis,KILIS,2009,187.0
Kocaeli,KOCAELI,2009,218.0
Konya,KONYA,2009,260.0
Kütahya,KUTAHYA,2009,209.0
Kırklareli,KIRKLARELI,2009,308.0
Kırıkkale,KIRIKKALE,2009,238.0
Kırşehir,KIRSEHIR,2009,276.0
Malatya,MALATYA,2009,133.0
Manisa,MANISA,2009,207.0
Mardin,MARDIN,2009,181.0
Mersin,MERSIN,2009,221.0
Muğla,MUGLA,2009,245.0
Muş,MUS,2009,120.0
Nevşehir,NEVSEHIR,2009,207.0
Niğde,NIGDE,2009,206.0
Ordu,ORDU,2009,102.0
Osmaniye,OSMANIYE,2009,341.0
Sakarya,SAKARYA,2009,271.0
Samsun,SAMSUN,2009,291.0
Siirt,SIIRT,2009,239.0
Sinop,SINOP,2009,164.0
Sivas,SIVAS,2009,181.0
Tekirdağ,TEKIRDAG,2009,372.0
Tokat,TOKAT,2009,254.0
Tunceli,TUNCELI,2009,135.0
Uşak,USAK,2009,269.0
Van,VAN,2009,144.0
Yalova,YALOVA,2009,230.0
Yozgat,YOZGAT,2009,249.0
Zonguldak,ZONGULDAK,2009,188.0
Çanakkale,CANAKKALE,2009,297.0
Çankırı,CANKIRI,2009,263.0
Çorum,CORUM,2009,255.0
İstanbul,ISTANBUL,2009,390.0
İzmir,IZMIR,2009,317.0
Şanlıurfa,SANLIURFA,2009,312.0
Şırnak,SIRNAK,2009,270.0
Adana,ADANA,2010,328.0
Adıyaman,ADIYAMAN,2010,237.0
Afyonkarahisar,AFYONKARAHISAR,2010,315.0
Aksaray,AKSARAY,2010,271.0
Amasya,AMASYA,2010,259.0
Ankara,ANKARA,2010,231.0
Antalya,ANTALYA,2010,223.0
Ardahan,ARDAHAN,2010,118.0
Artvin,ARTVIN,2010,145.0
Aydın,AYDIN,2010,319.0
Ağrı,AGRI,2010,182.0
Balıkesir,BALIKESIR,2010,253.0
Bartın,BARTIN,2010,175.0
Batman,BATMAN,2010,323.0
Bayburt,BAYBURT,2010,259.0
Bilecik,BILECIK,2010,205.0
Bingöl,BINGOL,2010,203.0
Bitlis,BITLIS,2010,129.0
Bolu,BOLU,2010,202.0
Burdur,BURDUR,2010,233.0
Bursa,BURSA,2010,233.0
Denizli,DENIZLI,2010,277.0
Diyarbakır,DIYARBAKIR,2010,282.0
Düzce,DUZCE,2010,258.0
Edirne,EDIRNE,2010,399.0
Elazığ,ELAZIG,2010,227.0
Erzincan,ERZINCAN,2010,187.0
Erzurum,ERZURUM,2010,143.0
Eskişehir,ESKISEHIR,2010,229.0
Gaziantep,GAZIANTEP,2010,325.0
Giresun,GIRESUN,2010,135.0
Gümüşhane,GUMUSHANE,2010,125.0
Hakkari,HAKKARI,2010,151.0
Hatay,HATAY,2010,323.0
Isparta,ISPARTA,2010,187.0
Iğdır,IGDIR,2010,187.0
Kahramanmaraş,KAHRAMANMARAS,2010,198.0
Karabük,KARABUK,2010,145.0
Karaman,KARAMAN,2010,162.0
Kars,KARS,2010,104.0
Kastamonu,KASTAMONU,2010,151.0
Kayseri,KAYSERI,2010,180.0
Kilis,KILIS,2010,175.0
Kocaeli,KOCAELI,2010,212.0
Konya,KONYA,2010,217.0
Kütahya,KUTAHYA,2010,179.0
Kırklareli,KIRKLARELI,2010,283.0
Kırıkkale,KIRIKKALE,2010,213.0
Kırşehir,KIRSEHIR,2010,256.0
Malatya,MALATYA,2010,144.0
Manisa,MANISA,2010,196.0
Mardin,MARDIN,2010,313.0
Mersin,MERSIN,2010,180.0
Muğla,MUGLA,2010,216.0
Muş,MUS,2010,165.0
Nevşehir,NEVSEHIR,2010,234.0
Niğde,NIGDE,2010,205.0
Ordu,ORDU,2010,103.0
Osmaniye,OSMANIYE,2010,501.0
Sakarya,SAKARYA,2010,213.0
Samsun,SAMSUN,2010,244.0
Siirt,SIIRT,2010,237.0
Sinop,SINOP,2010,224.0
Sivas,SIVAS,2010,178.0
Tekirdağ,TEKIRDAG,2010,322.0
Tokat,TOKAT,2010,243.0
Tunceli,TUNCELI,2010,123.0
Uşak,USAK,2010,284.0
Van,VAN,2010,131.0
Yalova,YALOVA,2010,236.0
Yozgat,YOZGAT,2010,219.0
Zonguldak,ZONGULDAK,2010,154.0
Çanakkale,CANAKKALE,2010,369.0
Çankırı,CANKIRI,2010,268.0
Çorum,CORUM,2010,294.0
İstanbul,ISTANBUL,2010,345.0
İzmir,IZMIR,2010,293.0
Şanlıurfa,SANLIURFA,2010,248.0
Şırnak,SIRNAK,2010,282.0
Adana,ADANA,2011,359.0
Adıyaman,ADIYAMAN,2011,318.0
Afyonkarahisar,AFYONKARAHISAR,2011,222.0
Aksaray,AKSARAY,2011,275.0
Amasya,AMASYA,2011,348.0
Ankara,ANKARA,2011,257.0
Antalya,ANTALYA,2011,248.0
Ardahan,ARDAHAN,2011,108.0
Artvin,ARTVIN,2011,167.0
Aydın,AYDIN,2011,322.0
Ağrı,AGRI,2011,169.0
Balıkesir,BALIKESIR,2011,261.0
Bartın,BARTIN,2011,169.0
Batman,BATMAN,2011,270.0
Bayburt,BAYBURT,2011,216.0
Bilecik,BILECIK,2011,235.0
Bingöl,BINGOL,2011,212.0
Bitlis,BITLIS,2011,153.0
Bolu,BOLU,2011,239.0
Burdur,BURDUR,2011,262.0
Bursa,BURSA,2011,271.0
Denizli,DENIZLI,2011,322.0
Diyarbakır,DIYARBAKIR,2011,315.0
Düzce,DUZCE,2011,253.0
Edirne,EDIRNE,2011,303.0
Elazığ,ELAZIG,2011,254.0
Erzincan,ERZINCAN,2011,240.0
Erzurum,ERZURUM,2011,139.0
Eskişehir,ESKISEHIR,2011,269.0
Gaziantep,GAZIANTEP,2011,359.0
Giresun,GIRESUN,2011,141.0
Gümüşhane,GUMUSHANE,2011,120.0
Hakkari,HAKKARI,2011,145.0
Hatay,HATAY,2011,412.0
Isparta,ISPARTA,2011,188.0
Iğdır,IGDIR,2011,245.0
Kahramanmaraş,KAHRAMANMARAS,2011,256.0
Karabük,KARABUK,2011,174.0
Karaman,KARAMAN,2011,209.0
Kars,KARS,2011,107.0
Kastamonu,KASTAMONU,2011,164.0
Kayseri,KAYSERI,2011,198.0
Kilis,KILIS,2011,247.0
Kocaeli,KOCAELI,2011,209.0
Konya,KONYA,2011,335.0
Kütahya,KUTAHYA,2011,197.0
Kırklareli,KIRKLARELI,2011,324.0
Kırıkkale,KIRIKKALE,2011,237.0
Kırşehir,KIRSEHIR,2011,252.0
Malatya,MALATYA,2011,154.0
Manisa,MANISA,2011,203.0
Mardin,MARDIN,2011,306.0
Mersin,MERSIN,2011,204.0
Muğla,MUGLA,2011,261.0
Muş,MUS,2011,164.0
Nevşehir,NEVSEHIR,2011,272.0
Niğde,NIGDE,2011,241.0
Ordu,ORDU,2011,100.0
Osmaniye,OSMANIYE,2011,407.0
Sakarya,SAKARYA,2011,248.0
Samsun,SAMSUN,2011,286.0
Siirt,SIIRT,2011,230.0
Sinop,SINOP,2011,215.0
Sivas,SIVAS,2011,257.0
Tekirdağ,TEKIRDAG,2011,355.0
Tokat,TOKAT,2011,271.0
Tunceli,TUNCELI,2011,122.0
Uşak,USAK,2011,313.0
Van,VAN,2011,113.0
Yalova,YALOVA,2011,236.0
Yozgat,YOZGAT,2011,262.0
Zonguldak,ZONGULDAK,2011,161.0
Çanakkale,CANAKKALE,2011,309.0
Çankırı,CANKIRI,2011,257.0
Çorum,CORUM,2011,289.0
İstanbul,ISTANBUL,2011,378.0
İzmir,IZMIR,2011,302.0
Şanlıurfa,SANLIURFA,2011,297.0
Şırnak,SIRNAK,2011,280.0
Adana,ADANA,2012,395.0
Adıyaman,ADIYAMAN,2012,273.0
Afyonkarahisar,AFYONKARAHISAR,2012,241.0
Aksaray,AKSARAY,2012,295.0
Amasya,AMASYA,2012,293.0
Ankara,ANKARA,2012,245.0
Antalya,ANTALYA,2012,252.0
Ardahan,ARDAHAN,2012,157.0
Artvin,ARTVIN,2012,218.0
Aydın,AYDIN,2012,402.0
Ağrı,AGRI,2012,159.0
Balıkesir,BALIKESIR,2012,250.0
Bartın,BARTIN,2012,194.0
Batman,BATMAN,2012,256.0
Bayburt,BAYBURT,2012,232.0
Bilecik,BILECIK,2012,226.0
Bingöl,BINGOL,2012,94.0
Bitlis,BITLIS,2012,133.0
Bolu,BOLU,2012,239.0
Burdur,BURDUR,2012,244.0
Bursa,BURSA,2012,267.0
Denizli,DENIZLI,2012,374.0
Diyarbakır,DIYARBAKIR,2012,305.0
Düzce,DUZCE,2012,303.0
Edirne,EDIRNE,2012,455.0
Elazığ,ELAZIG,2012,248.0
Erzincan,ERZINCAN,2012,237.0
Erzurum,ERZURUM,2012,160.0
Eskişehir,ESKISEHIR,2012,279.0
Gaziantep,GAZIANTEP,2012,356.0
Giresun,GIRESUN,2012,120.0
Gümüşhane,GUMUSHANE,2012,192.0
Hakkari,HAKKARI,2012,165.0
Hatay,HATAY,2012,370.0
Isparta,ISPARTA,2012,208.0
Iğdır,IGDIR,2012,262.0
Kahramanmaraş,KAHRAMANMARAS,2012,331.0
Karabük,KARABUK,2012,175.0
Karaman,KARAMAN,2012,219.0
Kars,KARS,2012,148.0
Kastamonu,KASTAMONU,2012,163.0
Kayseri,KAYSERI,2012,203.0
Kilis,KILIS,2012,275.0
Kocaeli,KOCAELI,2012,231.0
Konya,KONYA,2012,257.0
Kütahya,KUTAHYA,2012,197.0
Kırklareli,KIRKLARELI,2012,402.0
Kırıkkale,KIRIKKALE,2012,215.0
Kırşehir,KIRSEHIR,2012,224.0
Malatya,MALATYA,2012,154.0
Manisa,MANISA,2012,277.0
Mardin,MARDIN,2012,381.0
Mersin,MERSIN,2012,268.0
Muğla,MUGLA,2012,268.0
Muş,MUS,2012,148.0
Nevşehir,NEVSEHIR,2012,207.0
Niğde,NIGDE,2012,239.0
Ordu,ORDU,2012,125.0
Osmaniye,OSMANIYE,2012,368.0
Sakarya,SAKARYA,2012,254.0
Samsun,SAMSUN,2012,260.0
Siirt,SIIRT,2012,259.0
Sinop,SINOP,2012,231.0
Sivas,SIVAS,2012,207.0
Tekirdağ,TEKIRDAG,2012,489.0
Tokat,TOKAT,2012,250.0
Tunceli,TUNCELI,2012,183.0
Uşak,USAK,2012,210.0
Van,VAN,2012,130.0
Yalova,YALOVA,2012,294.0
Yozgat,YOZGAT,2012,226.0
Zonguldak,ZONGULDAK,2012,181.0
Çanakkale,CANAKKALE,2012,340.0
Çankırı,CANKIRI,2012,221.0
Çorum,CORUM,2012,229.0
İstanbul,ISTANBUL,2012,427.0
İzmir,IZMIR,2012,374.0
Şanlıurfa,SANLIURFA,2012,363.0
Şırnak,SIRNAK,2012,217.0
Adana,ADANA,2013,371.0
Adıyaman,ADIYAMAN,2013,285.0
Afyonkarahisar,AFYONKARAHISAR,2013,257.0
Aksaray,AKSARAY,2013,319.0
Amasya,AMASYA,2013,293.0
Ankara,ANKARA,2013,256.0
Antalya,ANTALYA,2013,245.0
Ardahan,ARDAHAN,2013,113.0
Artvin,ARTVIN,2013,169.0
Aydın,AYDIN,2013,395.0
Ağrı,AGRI,2013,195.0
Balıkesir,BALIKESIR,2013,249.0
Bartın,BARTIN,2013,178.0
Batman,BATMAN,2013,306.0
Bayburt,BAYBURT,2013,198.0
Bilecik,BILECIK,2013,238.0
Bingöl,BINGOL,2013,320.0
Bitlis,BITLIS,2013,145.0
Bolu,BOLU,2013,230.0
Burdur,BURDUR,2013,268.0
Bursa,BURSA,2013,263.0
Denizli,DENIZLI,2013,373.0
Diyarbakır,DIYARBAKIR,2013,328.0
Düzce,DUZCE,2013,241.0
Edirne,EDIRNE,2013,365.0
Elazığ,ELAZIG,2013,215.0
Erzincan,ERZINCAN,2013,206.0
Erzurum,ERZURUM,2013,182.0
Eskişehir,ESKISEHIR,2013,294.0
Gaziantep,GAZIANTEP,2013,353.0
Giresun,GIRESUN,2013,166.0
Gümüşhane,GUMUSHANE,2013,166.0
Hakkari,HAKKARI,2013,126.0
Hatay,HATAY,2013,412.0
Isparta,ISPARTA,2013,205.0
Iğdır,IGDIR,2013,246.0
Kahramanmaraş,KAHRAMANMARAS,2013,328.0
Karabük,KARABUK,2013,164.0
Karaman,KARAMAN,2013,246.0
Kars,KARS,2013,136.0
Kastamonu,KASTAMONU,2013,165.0
Kayseri,KAYSERI,2013,256.0
Kilis,KILIS,2013,251.0
Kocaeli,KOCAELI,2013,332.0
Konya,KONYA,2013,324.0
Kütahya,KUTAHYA,2013,190.0
Kırklareli,KIRKLARELI,2013,378.0
Kırıkkale,KIRIKKALE,2013,277.0
Kırşehir,KIRSEHIR,2013,285.0
Malatya,MALATYA,2013,169.0
Manisa,MANISA,2013,286.0
Mardin,MARDIN,2013,381.0
Mersin,MERSIN,2013,267.0
Muğla,MUGLA,2013,207.0
Muş,MUS,2013,178.0
Nevşehir,NEVSEHIR,2013,255.0
Niğde,NIGDE,2013,305.0
Ordu,ORDU,2013,90.0
Osmaniye,OSMANIYE,2013,343.0
Sakarya,SAKARYA,2013,300.0
Samsun,SAMSUN,2013,273.0
Siirt,SIIRT,2013,260.0
Sinop,SINOP,2013,214.0
Sivas,SIVAS,2013,242.0
Tekirdağ,TEKIRDAG,2013,378.0
Tokat,TOKAT,2013,248.0
Tunceli,TUNCELI,2013,147.0
Uşak,USAK,2013,253.0
Van,VAN,2013,135.0
Yalova,YALOVA,2013,265.0
Yozgat,YOZGAT,2013,239.0
Zonguldak,ZONGULDAK,2013,176.0
Çanakkale,CANAKKALE,2013,310.0
Çankırı,CANKIRI,2013,291.0
Çorum,CORUM,2013,237.0
İstanbul,ISTANBUL,2013,385.0
İzmir,IZMIR,2013,378.0
Şanlıurfa,SANLIURFA,2013,334.0
Şırnak,SIRNAK,2013,271.0
Adana,ADANA,2014,286.0
Adıyaman,ADIYAMAN,2014,273.0
Afyonkarahisar,AFYONKARAHISAR,2014,204.0
Aksaray,AKSARAY,2014,207.0
Amasya,AMASYA,2014,204.0
Ankara,ANKARA,2014,179.0
Antalya,ANTALYA,2014,231.0
Ardahan,ARDAHAN,2014,111.0
Artvin,ARTVIN,2014,146.0
Aydın,AYDIN,2014,363.0
Ağrı,AGRI,2014,159.0
Balıkesir,BALIKESIR,2014,266.0
Bartın,BARTIN,2014,142.0
Batman,BATMAN,2014,285.0
Bayburt,BAYBURT,2014,181.0
Bilecik,BILECIK,2014,278.0
Bingöl,BINGOL,2014,258.0
Bitlis,BITLIS,2014,135.0
Bolu,BOLU,2014,271.0
Burdur,BURDUR,2014,237.0
Bursa,BURSA,2014,297.0
Denizli,DENIZLI,2014,328.0
Diyarbakır,DIYARBAKIR,2014,276.0
Düzce,DUZCE,2014,229.0
Edirne,EDIRNE,2014,424.0
Elazığ,ELAZIG,2014,170.0
Erzincan,ERZINCAN,2014,166.0
Erzurum,ERZURUM,2014,169.0
Eskişehir,ESKISEHIR,2014,216.0
Gaziantep,GAZIANTEP,2014,216.0
Giresun,GIRESUN,2014,96.0
Gümüşhane,GUMUSHANE,2014,148.0
Hakkari,HAKKARI,2014,148.0
Hatay,HATAY,2014,319.0
Isparta,ISPARTA,2014,176.0
Iğdır,IGDIR,2014,243.0
Kahramanmaraş,KAHRAMANMARAS,2014,264.0
Karabük,KARABUK,2014,214.0
Karaman,KARAMAN,2014,169.0
Kars,KARS,2014,128.0
Kastamonu,KASTAMONU,2014,171.0
Kayseri,KAYSERI,2014,215.0
Kilis,KILIS,2014,74.0
Kocaeli,KOCAELI,2014,276.0
Konya,KONYA,2014,263.0
Kütahya,KUTAHYA,2014,218.0
Kırklareli,KIRKLARELI,2014,407.0
Kırıkkale,KIRIKKALE,2014,237.0
Kırşehir,KIRSEHIR,2014,203.0
Malatya,MALATYA,2014,124.0
Manisa,MANISA,2014,258.0
Mardin,MARDIN,2014,354.0
Mersin,MERSIN,2014,215.0
Muğla,MUGLA,2014,250.0
Muş,MUS,2014,180.0
Nevşehir,NEVSEHIR,2014,168.0
Niğde,NIGDE,2014,187.0
Ordu,ORDU,2014,70.0
Osmaniye,OSMANIYE,2014,303.0
Sakarya,SAKARYA,2014,240.0
Samsun,SAMSUN,2014,248.0
Siirt,SIIRT,2014,261.0
Sinop,SINOP,2014,203.0
Sivas,SIVAS,2014,174.0
Tekirdağ,TEKIRDAG,2014,430.0
Tokat,TOKAT,2014,179.0
Tunceli,TUNCELI,2014,151.0
Uşak,USAK,2014,215.0
Van,VAN,2014,123.0
Yalova,YALOVA,2014,270.0
Yozgat,YOZGAT,2014,196.0
Zonguldak,ZONGULDAK,2014,145.0
Çanakkale,CANAKKALE,2014,330.0
Çankırı,CANKIRI,2014,247.0
Çorum,CORUM,2014,201.0
İstanbul,ISTANBUL,2014,409.0
İzmir,IZMIR,2014,334.0
Şanlıurfa,SANLIURFA,2014,304.0
Şırnak,SIRNAK,2014,237.0
Adana,ADANA,2015,390.0
Adıyaman,ADIYAMAN,2015,295.0
Afyonkarahisar,AFYONKARAHISAR,2015,279.0
Aksaray,AKSARAY,2015,374.0
Amasya,AMASYA,2015,326.0
Ankara,ANKARA,2015,254.0
Antalya,ANTALYA,2015,241.0
Ardahan,ARDAHAN,2015,109.0
Artvin,ARTVIN,2015,122.0
Aydın,AYDIN,2015,361.0
Ağrı,AGRI,2015,151.0
Balıkesir,BALIKESIR,2015,241.0
Bartın,BARTIN,2015,132.0
Batman,BATMAN,2015,285.0
Bayburt,BAYBURT,2015,229.0
Bilecik,BILECIK,2015,208.0
Bingöl,BINGOL,2015,278.0
Bitlis,BITLIS,2015,130.0
Bolu,BOLU,2015,222.0
Burdur,BURDUR,2015,221.0
Bursa,BURSA,2015,270.0
Denizli,DENIZLI,2015,323.0
Diyarbakır,DIYARBAKIR,2015,309.0
Düzce,DUZCE,2015,237.0
Edirne,EDIRNE,2015,356.0
Elazığ,ELAZIG,2015,284.0
Erzincan,ERZINCAN,2015,207.0
Erzurum,ERZURUM,2015,167.0
Eskişehir,ESKISEHIR,2015,272.0
Gaziantep,GAZIANTEP,2015,407.0
Giresun,GIRESUN,2015,164.0
Gümüşhane,GUMUSHANE,2015,208.0
Hakkari,HAKKARI,2015,126.0
Hatay,HATAY,2015,414.0
Isparta,ISPARTA,2015,188.0
Iğdır,IGDIR,2015,257.0
Kahramanmaraş,KAHRAMANMARAS,2015,289.0
Karabük,KARABUK,2015,169.0
Karaman,KARAMAN,2015,239.0
Kars,KARS,2015,164.0
Kastamonu,KASTAMONU,2015,155.0
Kayseri,KAYSERI,2015,250.0
Kilis,KILIS,2015,322.0
Kocaeli,KOCAELI,2015,244.0
Konya,KONYA,2015,349.0
Kütahya,KUTAHYA,2015,159.0
Kırklareli,KIRKLARELI,2015,346.0
Kırıkkale,KIRIKKALE,2015,262.0
Kırşehir,KIRSEHIR,2015,282.0
Malatya,MALATYA,2015,195.0
Manisa,MANISA,2015,276.0
Mardin,MARDIN,2015,374.0
Mersin,MERSIN,2015,241.0
Muğla,MUGLA,2015,266.0
Muş,MUS,2015,193.0
Nevşehir,NEVSEHIR,2015,265.0
Niğde,NIGDE,2015,315.0
Ordu,ORDU,2015,69.0
Osmaniye,OSMANIYE,2015,339.0
Sakarya,SAKARYA,2015,221.0
Samsun,SAMSUN,2015,301.0
Siirt,SIIRT,2015,257.0
Sinop,SINOP,2015,221.0
Sivas,SIVAS,2015,253.0
Tekirdağ,TEKIRDAG,2015,407.0
Tokat,TOKAT,2015,279.0
Tunceli,TUNCELI,2015,186.0
Uşak,USAK,2015,235.0
Van,VAN,2015,134.0
Yalova,YALOVA,2015,218.0
Yozgat,YOZGAT,2015,243.0
Zonguldak,ZONGULDAK,2015,110.0
Çanakkale,CANAKKALE,2015,326.0
Çankırı,CANKIRI,2015,265.0
Çorum,CORUM,2015,286.0
İstanbul,ISTANBUL,2015,430.0
İzmir,IZMIR,2015,319.0
Şanlıurfa,SANLIURFA,2015,341.0
Şırnak,SIRNAK,2015,264.0
Adana,ADANA,2016,356.0
Adıyaman,ADIYAMAN,2016,280.0
Afyonkarahisar,AFYONKARAHISAR,2016,224.0
Aksaray,AKSARAY,2016,284.0
Amasya,AMASYA,2016,313.0
Ankara,ANKARA,2016,256.0
Antalya,ANTALYA,2016,219.0
Ardahan,ARDAHAN,2016,104.0
Artvin,ARTVIN,2016,114.0
Aydın,AYDIN,2016,382.0
Ağrı,AGRI,2016,150.0
Balıkesir,BALIKESIR,2016,299.0
Bartın,BARTIN,2016,139.0
Batman,BATMAN,2016,275.0
Bayburt,BAYBURT,2016,186.0
Bilecik,BILECIK,2016,208.0
Bingöl,BINGOL,2016,264.0
Bitlis,BITLIS,2016,161.0
Bolu,BOLU,2016,258.0
Burdur,BURDUR,2016,239.0
Bursa,BURSA,2016,273.0
Denizli,DENIZLI,2016,311.0
Diyarbakır,DIYARBAKIR,2016,320.0
Düzce,DUZCE,2016,231.0
Edirne,EDIRNE,2016,362.0
Elazığ,ELAZIG,2016,224.0
Erzincan,ERZINCAN,2016,228.0
Erzurum,ERZURUM,2016,173.0
Eskişehir,ESKISEHIR,2016,315.0
Gaziantep,GAZIANTEP,2016,264.0
Giresun,GIRESUN,2016,160.0
Gümüşhane,GUMUSHANE,2016,210.0
Hakkari,HAKKARI,2016,129.0
Hatay,HATAY,2016,390.0
Isparta,ISPARTA,2016,173.0
Iğdır,IGDIR,2016,247.0
Kahramanmaraş,KAHRAMANMARAS,2016,270.0
Karabük,KARABUK,2016,165.0
Karaman,KARAMAN,2016,182.0
Kars,KARS,2016,136.0
Kastamonu,KASTAMONU,2016,162.0
Kayseri,KAYSERI,2016,248.0
Kilis,KILIS,2016,101.0
Kocaeli,KOCAELI,2016,243.0
Konya,KONYA,2016,261.0
Kütahya,KUTAHYA,2016,164.0
Kırklareli,KIRKLARELI,2016,381.0
Kırıkkale,KIRIKKALE,2016,258.0
Kırşehir,KIRSEHIR,2016,242.0
Malatya,MALATYA,2016,171.0
Manisa,MANISA,2016,260.0
Mardin,MARDIN,2016,353.0
Mersin,MERSIN,2016,211.0
Muğla,MUGLA,2016,266.0
Muş,MUS,2016,174.0
Nevşehir,NEVSEHIR,2016,211.0
Niğde,NIGDE,2016,256.0
Ordu,ORDU,2016,79.0
Osmaniye,OSMANIYE,2016,326.0
Sakarya,SAKARYA,2016,232.0
Samsun,SAMSUN,2016,302.0
Siirt,SIIRT,2016,248.0
Sinop,SINOP,2016,205.0
Sivas,SIVAS,2016,209.0
Tekirdağ,TEKIRDAG,2016,429.0
Tokat,TOKAT,2016,270.0
Tunceli,TUNCELI,2016,187.0
Uşak,USAK,2016,231.0
Van,VAN,2016,135.0
Yalova,YALOVA,2016,259.0
Yozgat,YOZGAT,2016,221.0
Zonguldak,ZONGULDAK,2016,123.0
Çanakkale,CANAKKALE,2016,315.0
Çankırı,CANKIRI,2016,265.0
Çorum,CORUM,2016,285.0
İstanbul,ISTANBUL,2016,429.0
İzmir,IZMIR,2016,344.0
Şanlıurfa,SANLIURFA,2016,301.0
Şırnak,SIRNAK,2016,257.0
Adana,ADANA,2017,386.0
Adıyaman,ADIYAMAN,2017,297.0
Afyonkarahisar,AFYONKARAHISAR,2017,263.0
Aksaray,AKSARAY,2017,322.0
Amasya,AMASYA,2017,295.0
Ankara,ANKARA,2017,230.0
Antalya,ANTALYA,2017,254.0
Ardahan,ARDAHAN,2017,158.0
Artvin,ARTVIN,2017,106.0
Aydın,AYDIN,2017,405.0
Ağrı,AGRI,2017,140.0
Balıkesir,BALIKESIR,2017,309.0
Bartın,BARTIN,2017,157.0
Batman,BATMAN,2017,273.0
Bayburt,BAYBURT,2017,114.0
Bilecik,BILECIK,2017,219.0
Bingöl,BINGOL,2017,258.0
Bitlis,BITLIS,2017,150.0
Bolu,BOLU,2017,254.0
Burdur,BURDUR,2017,238.0
Bursa,BURSA,2017,294.0
Denizli,DENIZLI,2017,317.0
Diyarbakır,DIYARBAKIR,2017,340.0
Düzce,DUZCE,2017,232.0
Edirne,EDIRNE,2017,362.0
Elazığ,ELAZIG,2017,232.0
Erzincan,ERZINCAN,2017,205.0
Erzurum,ERZURUM,2017,166.0
Eskişehir,ESKISEHIR,2017,279.0
Gaziantep,GAZIANTEP,2017,392.0
Giresun,GIRESUN,2017,167.0
Gümüşhane,GUMUSHANE,2017,220.0
Hakkari,HAKKARI,2017,104.0
Hatay,HATAY,2017,411.0
Isparta,ISPARTA,2017,176.0
Iğdır,IGDIR,2017,214.0
Kahramanmaraş,KAHRAMANMARAS,2017,288.0
Karabük,KARABUK,2017,142.0
Karaman,KARAMAN,2017,232.0
Kars,KARS,2017,121.0
Kastamonu,KASTAMONU,2017,179.0
Kayseri,KAYSERI,2017,217.0
Kilis,KILIS,2017,281.0
Kocaeli,KOCAELI,2017,227.0
Konya,KONYA,2017,284.0
Kütahya,KUTAHYA,2017,239.0
Kırklareli,KIRKLARELI,2017,437.0
Kırıkkale,KIRIKKALE,2017,235.0
Kırşehir,KIRSEHIR,2017,272.0
Malatya,MALATYA,2017,158.0
Manisa,MANISA,2017,277.0
Mardin,MARDIN,2017,402.0
Mersin,MERSIN,2017,246.0
Muğla,MUGLA,2017,282.0
Muş,MUS,2017,216.0
Nevşehir,NEVSEHIR,2017,200.0
Niğde,NIGDE,2017,272.0
Ordu,ORDU,2017,115.0
Osmaniye,OSMANIYE,2017,349.0
Sakarya,SAKARYA,2017,252.0
Samsun,SAMSUN,2017,291.0
Siirt,SIIRT,2017,258.0
Sinop,SINOP,2017,216.0
Sivas,SIVAS,2017,196.0
Tekirdağ,TEKIRDAG,2017,459.0
Tokat,TOKAT,2017,241.0
Tunceli,TUNCELI,2017,162.0
Uşak,USAK,2017,291.0
Van,VAN,2017,136.0
Yalova,YALOVA,2017,284.0
Yozgat,YOZGAT,2017,220.0
Zonguldak,ZONGULDAK,2017,139.0
Çanakkale,CANAKKALE,2017,322.0
Çankırı,CANKIRI,2017,243.0
Çorum,CORUM,2017,263.0
İstanbul,ISTANBUL,2017,465.0
İzmir,IZMIR,2017,346.0
Şanlıurfa,SANLIURFA,2017,338.0
Şırnak,SIRNAK,2017,234.0
Adana,ADANA,2018,390.0
Adıyaman,ADIYAMAN,2018,299.0
Afyonkarahisar,AFYONKARAHISAR,2018,261.0
Aksaray,AKSARAY,2018,328.0
Amasya,AMASYA,2018,290.0
Ankara,ANKARA,2018,235.0
Antalya,ANTALYA,2018,256.0
Ardahan,ARDAHAN,2018,153.0
Artvin,ARTVIN,2018,124.0
Aydın,AYDIN,2018,410.0
Ağrı,AGRI,2018,144.0
Balıkesir,BALIKESIR,2018,315.0
Bartın,BARTIN,2018,156.0
Batman,BATMAN,2018,294.0
Bayburt,BAYBURT,2018,266.0
Bilecik,BILECIK,2018,191.0
Bingöl,BINGOL,2018,285.0
Bitlis,BITLIS,2018,153.0
Bolu,BOLU,2018,229.0
Burdur,BURDUR,2018,256.0
Bursa,BURSA,2018,323.0
Denizli,DENIZLI,2018,302.0
Diyarbakır,DIYARBAKIR,2018,313.0
Düzce,DUZCE,2018,262.0
Edirne,EDIRNE,2018,346.0
Elazığ,ELAZIG,2018,202.0
Erzincan,ERZINCAN,2018,260.0
Erzurum,ERZURUM,2018,171.0
Eskişehir,ESKISEHIR,2018,291.0
Gaziantep,GAZIANTEP,2018,398.0
Giresun,GIRESUN,2018,154.0
Gümüşhane,GUMUSHANE,2018,219.0
Hakkari,HAKKARI,2018,94.0
Hatay,HATAY,2018,410.0
Isparta,ISPARTA,2018,174.0
Iğdır,IGDIR,2018,216.0
Kahramanmaraş,KAHRAMANMARAS,2018,323.0
Karabük,KARABUK,2018,157.0
Karaman,KARAMAN,2018,231.0
Kars,KARS,2018,146.0
Kastamonu,KASTAMONU,2018,185.0
Kayseri,KAYSERI,2018,239.0
Kilis,KILIS,2018,215.0
Kocaeli,KOCAELI,2018,219.0
Konya,KONYA,2018,300.0
Kütahya,KUTAHYA,2018,196.0
Kırklareli,KIRKLARELI,2018,390.0
Kırıkkale,KIRIKKALE,2018,234.0
Kırşehir,KIRSEHIR,2018,284.0
Malatya,MALATYA,2018,146.0
Manisa,MANISA,2018,264.0
Mardin,MARDIN,2018,314.0
Mersin,MERSIN,2018,262.0
Muğla,MUGLA,2018,273.0
Muş,MUS,2018,281.0
Nevşehir,NEVSEHIR,2018,206.0
Niğde,NIGDE,2018,329.0
Ordu,ORDU,2018,120.0
Osmaniye,OSMANIYE,2018,353.0
Sakarya,SAKARYA,2018,259.0
Samsun,SAMSUN,2018,245.0
Siirt,SIIRT,2018,260.0
Sinop,SINOP,2018,206.0
Sivas,SIVAS,2018,231.0
Tekirdağ,TEKIRDAG,2018,340.0
Tokat,TOKAT,2018,224.0
Tunceli,TUNCELI,2018,166.0
Uşak,USAK,2018,255.0
Van,VAN,2018,158.0
Yalova,YALOVA,2018,272.0
Yozgat,YOZGAT,2018,215.0
Zonguldak,ZONGULDAK,2018,144.0
Çanakkale,CANAKKALE,2018,290.0
Çankırı,CANKIRI,2018,250.0
Çorum,CORUM,2018,248.0
İstanbul,ISTANBUL,2018,452.0
İzmir,IZMIR,2018,347.0
Şanlıurfa,SANLIURFA,2018,296.0
Şırnak,SIRNAK,2018,249.0
Adana,ADANA,2019,372.0
Adıyaman,ADIYAMAN,2019,294.0
Afyonkarahisar,AFYONKARAHISAR,2019,258.0
Aksaray,AKSARAY,2019,314.0
Amasya,AMASYA,2019,314.0
Ankara,ANKARA,2019,253.0
Antalya,ANTALYA,2019,270.0
Ardahan,ARDAHAN,2019,118.0
Artvin,ARTVIN,2019,106.0
Aydın,AYDIN,2019,402.0
Ağrı,AGRI,2019,122.0
Balıkesir,BALIKESIR,2019,275.0
Bartın,BARTIN,2019,141.0
Batman,BATMAN,2019,285.0
Bayburt,BAYBURT,2019,272.0
Bilecik,BILECIK,2019,227.0
Bingöl,BINGOL,2019,293.0
Bitlis,BITLIS,2019,166.0
Bolu,BOLU,2019,227.0
Burdur,BURDUR,2019,246.0
Bursa,BURSA,2019,321.0
Denizli,DENIZLI,2019,297.0
Diyarbakır,DIYARBAKIR,2019,326.0
Düzce,DUZCE,2019,266.0
Edirne,EDIRNE,2019,381.0
Elazığ,ELAZIG,2019,262.0
Erzincan,ERZINCAN,2019,240.0
Erzurum,ERZURUM,2019,161.0
Eskişehir,ESKISEHIR,2019,273.0
Gaziantep,GAZIANTEP,2019,407.0
Giresun,GIRESUN,2019,108.0
Gümüşhane,GUMUSHANE,2019,213.0
Hakkari,HAKKARI,2019,88.0
Hatay,HATAY,2019,403.0
Isparta,ISPARTA,2019,163.0
Iğdır,IGDIR,2019,195.0
Kahramanmaraş,KAHRAMANMARAS,2019,346.0
Karabük,KARABUK,2019,159.0
Karaman,KARAMAN,2019,206.0
Kars,KARS,2019,114.0
Kastamonu,KASTAMONU,2019,199.0
Kayseri,KAYSERI,2019,234.0
Kilis,KILIS,2019,219.0
Kocaeli,KOCAELI,2019,222.0
Konya,KONYA,2019,309.0
Kütahya,KUTAHYA,2019,189.0
Kırklareli,KIRKLARELI,2019,393.0
Kırıkkale,KIRIKKALE,2019,226.0
Kırşehir,KIRSEHIR,2019,234.0
Malatya,MALATYA,2019,219.0
Manisa,MANISA,2019,278.0
Mardin,MARDIN,2019,348.0
Mersin,MERSIN,2019,269.0
Muğla,MUGLA,2019,334.0
Muş,MUS,2019,211.0
Nevşehir,NEVSEHIR,2019,227.0
Niğde,NIGDE,2019,340.0
Ordu,ORDU,2019,114.0
Osmaniye,OSMANIYE,2019,345.0
Sakarya,SAKARYA,2019,251.0
Samsun,SAMSUN,2019,286.0
Siirt,SIIRT,2019,242.0
Sinop,SINOP,2019,197.0
Sivas,SIVAS,2019,218.0
Tekirdağ,TEKIRDAG,2019,451.0
Tokat,TOKAT,2019,245.0
Tunceli,TUNCELI,2019,170.0
Uşak,USAK,2019,252.0
Van,VAN,2019,117.0
Yalova,YALOVA,2019,276.0
Yozgat,YOZGAT,2019,191.0
Zonguldak,ZONGULDAK,2019,145.0
Çanakkale,CANAKKALE,2019,357.0
Çankırı,CANKIRI,2019,267.0
Çorum,CORUM,2019,257.0
İstanbul,ISTANBUL,2019,476.0
İzmir,IZMIR,2019,328.0
Şanlıurfa,SANLIURFA,2019,304.0
Şırnak,SIRNAK,2019,192.0
Adana,ADANA,2020,392.0
Adıyaman,ADIYAMAN,2020,336.0
Afyonkarahisar,AFYONKARAHISAR,2020,274.0
Aksaray,AKSARAY,2020,329.0
Amasya,AMASYA,2020,284.0
Ankara,ANKARA,2020,270.0
Antalya,ANTALYA,2020,282.0
Ardahan,ARDAHAN,2020,153.0
Artvin,ARTVIN,2020,110.0
Aydın,AYDIN,2020,425.0
Ağrı,AGRI,2020,213.0
Balıkesir,BALIKESIR,2020,282.0
Bartın,BARTIN,2020,136.0
Batman,BATMAN,2020,347.0
Bayburt,BAYBURT,2020,280.0
Bilecik,BILECIK,2020,260.0
Bingöl,BINGOL,2020,255.0
Bitlis,BITLIS,2020,228.0
Bolu,BOLU,2020,297.0
Burdur,BURDUR,2020,273.0
Bursa,BURSA,2020,364.0
Denizli,DENIZLI,2020,318.0
Diyarbakır,DIYARBAKIR,2020,371.0
Düzce,DUZCE,2020,274.0
Edirne,EDIRNE,2020,358.0
Elazığ,ELAZIG,2020,289.0
Erzincan,ERZINCAN,2020,295.0
Erzurum,ERZURUM,2020,159.0
Eskişehir,ESKISEHIR,2020,272.0
Gaziantep,GAZIANTEP,2020,412.0
Giresun,GIRESUN,2020,204.0
Gümüşhane,GUMUSHANE,2020,221.0
Hakkari,HAKKARI,2020,127.0
Hatay,HATAY,2020,410.0
Isparta,ISPARTA,2020,163.0
Iğdır,IGDIR,2020,296.0
Kahramanmaraş,KAHRAMANMARAS,2020,376.0
Karabük,KARABUK,2020,244.0
Karaman,KARAMAN,2020,247.0
Kars,KARS,2020,121.0
Kastamonu,KASTAMONU,2020,190.0
Kayseri,KAYSERI,2020,237.0
Kilis,KILIS,2020,246.0
Kocaeli,KOCAELI,2020,203.0
Konya,KONYA,2020,307.0
Kütahya,KUTAHYA,2020,205.0
Kırklareli,KIRKLARELI,2020,390.0
Kırıkkale,KIRIKKALE,2020,214.0
Kırşehir,KIRSEHIR,2020,258.0
Malatya,MALATYA,2020,193.0
Manisa,MANISA,2020,279.0
Mardin,MARDIN,2020,411.0
Mersin,MERSIN,2020,279.0
Muğla,MUGLA,2020,363.0
Muş,MUS,2020,200.0
Nevşehir,NEVSEHIR,2020,238.0
Niğde,NIGDE,2020,328.0
Ordu,ORDU,2020,135.0
Osmaniye,OSMANIYE,2020,361.0
Sakarya,SAKARYA,2020,258.0
Samsun,SAMSUN,2020,274.0
Siirt,SIIRT,2020,248.0
Sinop,SINOP,2020,215.0
Sivas,SIVAS,2020,245.0
Tekirdağ,TEKIRDAG,2020,392.0
Tokat,TOKAT,2020,225.0
Tunceli,TUNCELI,2020,186.0
Uşak,USAK,2020,255.0
Van,VAN,2020,167.0
Yalova,YALOVA,2020,315.0
Yozgat,YOZGAT,2020,221.0
Zonguldak,ZONGULDAK,2020,164.0
Çanakkale,CANAKKALE,2020,370.0
Çankırı,CANKIRI,2020,253.0
Çorum,CORUM,2020,258.0
İstanbul,ISTANBUL,2020,430.0
İzmir,IZMIR,2020,344.0
Şanlıurfa,SANLIURFA,2020,368.0
Şırnak,SIRNAK,2020,338.0
Adana,ADANA,2021,446.0
Adıyaman,ADIYAMAN,2021,311.0
Afyonkarahisar,AFYONKARAHISAR,2021,220.0
Aksaray,AKSARAY,2021,309.0
Amasya,AMASYA,2021,249.0
Ankara,ANKARA,2021,166.0
Antalya,ANTALYA,2021,249.0
Ardahan,ARDAHAN,2021,125.0
Artvin,ARTVIN,2021,81.0
Aydın,AYDIN,2021,470.0
Ağrı,AGRI,2021,144.0
Balıkesir,BALIKESIR,2021,308.0
Bartın,BARTIN,2021,156.0
Batman,BATMAN,2021,246.0
Bayburt,BAYBURT,2021,116.0
Bilecik,BILECIK,2021,246.0
Bingöl,BINGOL,2021,212.0
Bitlis,BITLIS,2021,185.0
Bolu,BOLU,2021,309.0
Burdur,BURDUR,2021,209.0
Bursa,BURSA,2021,401.0
Denizli,DENIZLI,2021,171.0
Diyarbakır,DIYARBAKIR,2021,191.0
Düzce,DUZCE,2021,306.0
Edirne,EDIRNE,2021,474.0
Elazığ,ELAZIG,2021,208.0
Erzincan,ERZINCAN,2021,245.0
Erzurum,ERZURUM,2021,141.0
Eskişehir,ESKISEHIR,2021,242.0
Gaziantep,GAZIANTEP,2021,402.0
Giresun,GIRESUN,2021,42.0
Gümüşhane,GUMUSHANE,2021,173.0
Hakkari,HAKKARI,2021,152.0
Hatay,HATAY,2021,457.0
Isparta,ISPARTA,2021,138.0
Iğdır,IGDIR,2021,307.0
Kahramanmaraş,KAHRAMANMARAS,2021,409.0
Karabük,KARABUK,2021,192.0
Karaman,KARAMAN,2021,213.0
Kars,KARS,2021,45.0
Kastamonu,KASTAMONU,2021,227.0
Kayseri,KAYSERI,2021,203.0
Kilis,KILIS,2021,179.0
Kocaeli,KOCAELI,2021,201.0
Konya,KONYA,2021,276.0
Kütahya,KUTAHYA,2021,243.0
Kırklareli,KIRKLARELI,2021,460.0
Kırıkkale,KIRIKKALE,2021,119.0
Kırşehir,KIRSEHIR,2021,178.0
Malatya,MALATYA,2021,145.0
Manisa,MANISA,2021,276.0
Mardin,MARDIN,2021,336.0
Mersin,MERSIN,2021,294.0
Muğla,MUGLA,2021,270.0
Muş,MUS,2021,161.0
Nevşehir,NEVSEHIR,2021,165.0
Niğde,NIGDE,2021,271.0
Ordu,ORDU,2021,154.0
Osmaniye,OSMANIYE,2021,407.0
Sakarya,SAKARYA,2021,375.0
Samsun,SAMSUN,2021,352.0
Siirt,SIIRT,2021,138.0
Sinop,SINOP,2021,202.0
Sivas,SIVAS,2021,163.0
Tekirdağ,TEKIRDAG,2021,534.0
Tokat,TOKAT,2021,205.0
Tunceli,TUNCELI,2021,107.0
Uşak,USAK,2021,132.0
Van,VAN,2021,89.0
Yalova,YALOVA,2021,353.0
Yozgat,YOZGAT,2021,157.0
Zonguldak,ZONGULDAK,2021,241.0
Çanakkale,CANAKKALE,2021,531.0
Çankırı,CANKIRI,2021,180.0
Çorum,CORUM,2021,177.0
İstanbul,ISTANBUL,2021,493.0
İzmir,IZMIR,2021,387.0
Şanlıurfa,SANLIURFA,2021,383.0
Şırnak,SIRNAK,2021,138.0
Adana,ADANA,2022,385.0
Adıyaman,ADIYAMAN,2022,307.0
Afyonkarahisar,AFYONKARAHISAR,2022,323.0
Aksaray,AKSARAY,2022,368.0
Amasya,AMASYA,2022,372.0
Ankara,ANKARA,2022,247.0
Antalya,ANTALYA,2022,276.0
Ardahan,ARDAHAN,2022,174.0
Artvin,ARTVIN,2022,247.0
Aydın,AYDIN,2022,405.0
Ağrı,AGRI,2022,231.0
Balıkesir,BALIKESIR,2022,310.0
Bartın,BARTIN,2022,141.0
Batman,BATMAN,2022,332.0
Bayburt,BAYBURT,2022,277.0
Bilecik,BILECIK,2022,241.0
Bingöl,BINGOL,2022,247.0
Bitlis,BITLIS,2022,231.0
Bolu,BOLU,2022,288.0
Burdur,BURDUR,2022,221.0
Bursa,BURSA,2022,377.0
Denizli,DENIZLI,2022,316.0
Diyarbakır,DIYARBAKIR,2022,281.0
Düzce,DUZCE,2022,241.0
Edirne,EDIRNE,2022,407.0
Elazığ,ELAZIG,2022,284.0
Erzincan,ERZINCAN,2022,323.0
Erzurum,ERZURUM,2022,253.0
Eskişehir,ESKISEHIR,2022,289.0
Gaziantep,GAZIANTEP,2022,347.0
Giresun,GIRESUN,2022,275.0
Gümüşhane,GUMUSHANE,2022,293.0
Hakkari,HAKKARI,2022,145.0
Hatay,HATAY,2022,381.0
Isparta,ISPARTA,2022,234.0
Iğdır,IGDIR,2022,366.0
Kahramanmaraş,KAHRAMANMARAS,2022,341.0
Karabük,KARABUK,2022,229.0
Karaman,KARAMAN,2022,213.0
Kars,KARS,2022,135.0
Kastamonu,KASTAMONU,2022,205.0
Kayseri,KAYSERI,2022,233.0
Kilis,KILIS,2022,203.0
Kocaeli,KOCAELI,2022,286.0
Konya,KONYA,2022,335.0
Kütahya,KUTAHYA,2022,223.0
Kırklareli,KIRKLARELI,2022,400.0
Kırıkkale,KIRIKKALE,2022,225.0
Kırşehir,KIRSEHIR,2022,261.0
Malatya,MALATYA,2022,204.0
Manisa,MANISA,2022,257.0
Mardin,MARDIN,2022,368.0
Mersin,MERSIN,2022,270.0
Muğla,MUGLA,2022,282.0
Muş,MUS,2022,276.0
Nevşehir,NEVSEHIR,2022,250.0
Niğde,NIGDE,2022,357.0
Ordu,ORDU,2022,141.0
Osmaniye,OSMANIYE,2022,351.0
Sakarya,SAKARYA,2022,330.0
Samsun,SAMSUN,2022,332.0
Siirt,SIIRT,2022,310.0
Sinop,SINOP,2022,206.0
Sivas,SIVAS,2022,243.0
Tekirdağ,TEKIRDAG,2022,421.0
Tokat,TOKAT,2022,216.0
Tunceli,TUNCELI,2022,204.0
Uşak,USAK,2022,207.0
Van,VAN,2022,150.0
Yalova,YALOVA,2022,323.0
Yozgat,YOZGAT,2022,227.0
Zonguldak,ZONGULDAK,2022,212.0
Çanakkale,CANAKKALE,2022,426.0
Çankırı,CANKIRI,2022,241.0
Çorum,CORUM,2022,314.0
İstanbul,ISTANBUL,2022,451.0
İzmir,IZMIR,2022,387.0
Şanlıurfa,SANLIURFA,2022,332.0
Şırnak,SIRNAK,2022,142.0
Adana,ADANA,2023,324.0
Adıyaman,ADIYAMAN,2023,373.0
Afyonkarahisar,AFYONKARAHISAR,2023,335.0
Aksaray,AKSARAY,2023,383.0
Amasya,AMASYA,2023,282.0
Ankara,ANKARA,2023,297.0
Antalya,ANTALYA,2023,328.0
Ardahan,ARDAHAN,2023,212.0
Artvin,ARTVIN,2023,209.0
Aydın,AYDIN,2023,427.0
Ağrı,AGRI,2023,386.0
Balıkesir,BALIKESIR,2023,305.0
Bartın,BARTIN,2023,112.0
Batman,BATMAN,2023,348.0
Bayburt,BAYBURT,2023,233.0
Bilecik,BILECIK,2023,234.0
Bingöl,BINGOL,2023,234.0
Bitlis,BITLIS,2023,333.0
Bolu,BOLU,2023,303.0
Burdur,BURDUR,2023,266.0
Bursa,BURSA,2023,302.0
Denizli,DENIZLI,2023,286.0
Diyarbakır,DIYARBAKIR,2023,356.0
Düzce,DUZCE,2023,200.0
Edirne,EDIRNE,2023,536.0
Elazığ,ELAZIG,2023,260.0
Erzincan,ERZINCAN,2023,284.0
Erzurum,ERZURUM,2023,282.0
Eskişehir,ESKISEHIR,2023,344.0
Gaziantep,GAZIANTEP,2023,441.0
Giresun,GIRESUN,2023,136.0
Gümüşhane,GUMUSHANE,2023,269.0
Hakkari,HAKKARI,2023,296.0
Hatay,HATAY,2023,325.0
Isparta,ISPARTA,2023,270.0
Iğdır,IGDIR,2023,317.0
Kahramanmaraş,KAHRAMANMARAS,2023,309.0
Karabük,KARABUK,2023,205.0
Karaman,KARAMAN,2023,206.0
Kars,KARS,2023,303.0
Kastamonu,KASTAMONU,2023,198.0
Kayseri,KAYSERI,2023,313.0
Kilis,KILIS,2023,230.0
Kocaeli,KOCAELI,2023,212.0
Konya,KONYA,2023,386.0
Kütahya,KUTAHYA,2023,201.0
Kırklareli,KIRKLARELI,2023,378.0
Kırıkkale,KIRIKKALE,2023,239.0
Kırşehir,KIRSEHIR,2023,292.0
Malatya,MALATYA,2023,272.0
Manisa,MANISA,2023,250.0
Mardin,MARDIN,2023,386.0
Mersin,MERSIN,2023,224.0
Muğla,MUGLA,2023,293.0
Muş,MUS,2023,294.0
Nevşehir,NEVSEHIR,2023,260.0
Niğde,NIGDE,2023,335.0
Ordu,ORDU,2023,169.0
Osmaniye,OSMANIYE,2023,230.0
Sakarya,SAKARYA,2023,277.0
Samsun,SAMSUN,2023,236.0
Siirt,SIIRT,2023,339.0
Sinop,SINOP,2023,221.0
Sivas,SIVAS,2023,247.0
Tekirdağ,TEKIRDAG,2023,351.0
Tokat,TOKAT,2023,155.0
Tunceli,TUNCELI,2023,245.0
Uşak,USAK,2023,267.0
Van,VAN,2023,174.0
Yalova,YALOVA,2023,410.0
Yozgat,YOZGAT,2023,335.0
Zonguldak,ZONGULDAK,2023,208.0
Çanakkale,CANAKKALE,2023,352.0
Çankırı,CANKIRI,2023,227.0
Çorum,CORUM,2023,293.0
İstanbul,ISTANBUL,2023,416.0
İzmir,IZMIR,2023,445.0
Şanlıurfa,SANLIURFA,2023,550.0
Şırnak,SIRNAK,2023,340.0
Adana,ADANA,2024,355.0
Adıyaman,ADIYAMAN,2024,331.0
Afyonkarahisar,AFYONKARAHISAR,2024,226.0
Aksaray,AKSARAY,2024,345.0
Amasya,AMASYA,2024,253.0
Ankara,ANKARA,2024,247.0
Antalya,ANTALYA,2024,238.0
Ardahan,ARDAHAN,2024,161.0
Artvin,ARTVIN,2024,184.0
Aydın,AYDIN,2024,368.0
Ağrı,AGRI,2024,236.0
Balıkesir,BALIKESIR,2024,318.0
Bartın,BARTIN,2024,83.0
Batman,BATMAN,2024,381.0
Bayburt,BAYBURT,2024,235.0
Bilecik,BILECIK,2024,246.0
Bingöl,BINGOL,2024,245.0
Bitlis,BITLIS,2024,290.0
Bolu,BOLU,2024,323.0
Burdur,BURDUR,2024,157.0
Bursa,BURSA,2024,284.0
Denizli,DENIZLI,2024,199.0
Diyarbakır,DIYARBAKIR,2024,355.0
Düzce,DUZCE,2024,250.0
Edirne,EDIRNE,2024,388.0
Elazığ,ELAZIG,2024,289.0
Erzincan,ERZINCAN,2024,307.0
Erzurum,ERZURUM,2024,258.0
Eskişehir,ESKISEHIR,2024,322.0
Gaziantep,GAZIANTEP,2024,415.0
Giresun,GIRESUN,2024,247.0
Gümüşhane,GUMUSHANE,2024,265.0
Hakkari,HAKKARI,2024,220.0
Hatay,HATAY,2024,333.0
Isparta,ISPARTA,2024,225.0
Iğdır,IGDIR,2024,339.0
Kahramanmaraş,KAHRAMANMARAS,2024,314.0
Karabük,KARABUK,2024,196.0
Karaman,KARAMAN,2024,192.0
Kars,KARS,2024,257.0
Kastamonu,KASTAMONU,2024,223.0
Kayseri,KAYSERI,2024,304.0
Kilis,KILIS,2024,232.0
Kocaeli,KOCAELI,2024,234.0
Konya,KONYA,2024,323.0
Kütahya,KUTAHYA,2024,209.0
Kırklareli,KIRKLARELI,2024,395.0
Kırıkkale,KIRIKKALE,2024,215.0
Kırşehir,KIRSEHIR,2024,228.0
Malatya,MALATYA,2024,238.0
Manisa,MANISA,2024,254.0
Mardin,MARDIN,2024,386.0
Mersin,MERSIN,2024,298.0
Muğla,MUGLA,2024,279.0
Muş,MUS,2024,272.0
Nevşehir,NEVSEHIR,2024,240.0
Niğde,NIGDE,2024,316.0
Ordu,ORDU,2024,126.0
Osmaniye,OSMANIYE,2024,327.0
Sakarya,SAKARYA,2024,252.0
Samsun,SAMSUN,2024,270.0
Siirt,SIIRT,2024,338.0
Sinop,SINOP,2024,216.0
Sivas,SIVAS,2024,261.0
Tekirdağ,TEKIRDAG,2024,419.0
Tokat,TOKAT,2024,247.0
Tunceli,TUNCELI,2024,257.0
Uşak,USAK,2024,205.0
Van,VAN,2024,197.0
Yalova,YALOVA,2024,263.0
Yozgat,YOZGAT,2024,230.0
Zonguldak,ZONGULDAK,2024,171.0
Çanakkale,CANAKKALE,2024,308.0
Çankırı,CANKIRI,2024,223.0
Çorum,CORUM,2024,221.0
İstanbul,ISTANBUL,2024,440.0
İzmir,IZMIR,2024,345.0
Şanlıurfa,SANLIURFA,2024,411.0
Şırnak,SIRNAK,2024,335.0
